"Category","Term","Count","List Total","Pop Hits","Pop Total","P-Value","Benjamini","Fold Enrichment","Bonferroni","FDR","Fisher Exact","User Ids"
"GOTERM_MF_DIRECT","protein binding","138","142","13741","19272","6.76e-16","2.24e-13","1.36","2.20e-13","1.95e-13","4.95e-16","CD86,TRAF3IP2,CD80,CTNND1,CBLB,TXN2,PYCARD,TBK1,CDH1,GRAP2,DHX58,AZI2,SKP1,RALBP1,IL1R1,FBXW11,TICAM1,RNF125,CLEC4D,CD8B,TBL1XR1,IL23A,CD8A,MAPKAPK2,TXNIP,MAPKAPK5,CARD16,CLEC4E,NAIP,SKAP1,CARD11,BEX3,CUL1,LY96,BRCC3,TXN,BCL10,MEFV,SAV1,STK3,TKFC,DHX33,CLEC7A,NLRP3,FADD,NLRP1,CD14,TP53BP1,ICOS,GSDMD,FYB1,SIAH1,MOB1B,CYLD,MOB1A,AFDN,MAVS,ATG16L1,BCL3,PIN1,CYCS,FAT4,NF2,RGL1,RGL2,LAT,BCL2L1,YWHAE,CD40,DDX3X,HSPB1,LSP1,LIMD1,CD3E,TNFSF13B,CASP9,IFIH1,PSTPIP1,CASP8,CASP5,YWHAQ,CASP10,CASP4,CASP1,FCER1A,CLEC1B,IKBKE,CTSD,FCER1G,APAF1,SYK,EXOC7,CACYBP,LATS1,ZAP70,SIKE1,LATS2,AIM2,IRF3,TRAF4,LCK,IL1B,RAPGEF1,IRF7,MS4A2,TLR4,RHOQ,TLR3,EXOC2,ARF6,RALA,RNASEL,RALB,NOD1,NLRC4,NOD2,TANK,RELB,IFI16,MFN1,CTNNA1,MFN2,FYN,TBL1X,BID,CARD8,ERBIN,CFLAR,ITCH,CD4,CD40LG,STING1,TRIP10,TBKBP1,PKN2,CD247,SUGT1,SIPA1"
"GOTERM_CC_DIRECT","cytoplasm","104","142","7749","20808","3.78e-18","3.03e-16","1.97","9.08e-16","2.52e-16","1.91e-18","TRAF3IP2,CTNND1,CBLB,PYCARD,TBK1,CDH1,GRAP2,DHX58,AZI2,SKP1,RALBP1,FBXW11,TICAM1,RNF125,MAPKAPK2,TXNIP,MAPKAPK5,CARD16,NAIP,SKAP1,CARD11,BEX3,CUL1,BRCC3,TXN,BCL10,MEFV,SAV1,STK3,DHX33,CLEC7A,NLRP3,FADD,NLRP1,TP53BP1,GSDMD,FYB1,SIAH1,MOB1B,CYLD,MOB1A,AFDN,ATG16L1,BCL3,PIN1,NF2,BCL2L1,YWHAE,DDX3X,HSPB1,LIMD1,TNFSF13B,CASP9,IFIH1,PSTPIP1,CASP8,CASP5,YWHAQ,CASP10,CASP4,CASP1,IKBKE,CTSD,APAF1,SYK,EXOC7,CACYBP,LATS1,ZAP70,SIKE1,LATS2,AIM2,IRF3,TRAF4,LCK,IL1B,RAPGEF1,IRF7,TLR4,RHOQ,TLR3,ARF6,RNASEL,NOD1,NLRC4,NOD2,TANK,RELB,IFI16,MFN1,CTNNA1,FYN,BID,CARD8,ERBIN,CFLAR,ITCH,STING1,TRIP10,TBKBP1,PKN2,CD247,SUGT1,SIPA1"
"UP_KW_PTM","Phosphoprotein","101","133","8489","14452","2.93e-5","2.49e-4","1.29","4.68e-4","2.19e-4","2.24e-5","CD80,CTNND1,CBLB,IL1RAP,PYCARD,TBK1,CDH1,GRAP2,AZI2,SKP1,RALBP1,IL1R1,TICAM1,CD8B,TBL1XR1,MAPKAPK2,TXNIP,MAPKAPK5,CARD16,SKAP1,CARD11,BRCC3,BCL10,MEFV,SAV1,STK3,TKFC,CLEC7A,NLRP3,FADD,NLRP1,TP53BP1,GSDMD,FYB1,SIAH1,MOB1B,CYLD,MOB1A,AFDN,MAVS,ATG16L1,BCL3,PIN1,CYCS,DCHS1,FAT4,NF2,RGL1,RGL2,LAT,BCL2L1,YWHAE,DDX3X,HSPB1,LSP1,LIMD1,CD3E,CASP9,IFIH1,PSTPIP1,CASP8,YWHAQ,CASP4,CASP1,CLEC1B,IKBKE,FCER1G,SYK,EXOC7,CACYBP,LATS1,ZAP70,LATS2,IRF3,TRAF4,LCK,RAPGEF1,IRF7,MS4A2,TLR3,EXOC2,RALA,NLRC4,TANK,RELB,IFI16,CTNNA1,MFN2,FYN,TBL1X,BID,ERBIN,ITCH,CD4,STING1,TRIP10,TBKBP1,PKN2,CD247,SUGT1,SIPA1"
"GOTERM_CC_DIRECT","cytosol","93","142","5677","20808","3.73e-21","4.48e-19","2.40","8.96e-19","3.73e-19","1.54e-21","YWHAE,DDX3X,CTNND1,HSPB1,CBLB,LIMD1,IFIH1,PYCARD,CASP9,PSTPIP1,TBK1,CASP8,CASP5,YWHAQ,CASP10,GRAP2,CASP4,CASP1,IKBKE,CTSD,SKP1,RALBP1,APAF1,SYK,EXOC7,FBXW11,CACYBP,TICAM1,LATS1,ZAP70,SIKE1,LATS2,AIM2,TRAF4,IRF3,LCK,IL1B,MAPKAPK2,RAPGEF1,IRF7,TXNIP,MAPKAPK5,CARD16,SKAP1,CARD11,EXOC2,ARF6,BEX3,RNASEL,CUL1,NOD1,BRCC3,BCL10,NLRC4,NOD2,TXN,MEFV,TANK,STK3,SAV1,RELB,TKFC,IFI16,CTNNA1,MFN2,NLRP3,FYN,FADD,NLRP1,BID,GSDMD,FYB1,CARD8,SIAH1,CFLAR,MOB1B,CYLD,MOB1A,AFDN,ITCH,STING1,ATG16L1,BCL3,TRIP10,PIN1,CYCS,PKN2,SUGT1,NF2,RGL1,RGL2,SIPA1,BCL2L1"
"UP_KW_CELLULAR_COMPONENT","Cytoplasm","85","130","5979","18195","5.60e-14","6.72e-13","1.99","1.35e-12","5.60e-13","2.79e-14","YWHAE,DDX3X,CTNND1,HSPB1,CBLB,LIMD1,IFIH1,PYCARD,PSTPIP1,TBK1,CASP8,YWHAQ,CDH1,GRAP2,DHX58,CASP4,CASP1,AZI2,IKBKE,RALBP1,APAF1,SYK,EXOC7,FBXW11,CACYBP,TICAM1,LATS1,ZAP70,SIKE1,LATS2,AIM2,TRAF4,IRF3,LCK,IL1B,MAPKAPK2,IRF7,TXNIP,MAPKAPK5,CARD16,RHOQ,SKAP1,CARD11,ARF6,BEX3,RNASEL,NOD1,BRCC3,BCL10,NLRC4,NOD2,TXN,MEFV,TANK,STK3,SAV1,RELB,DHX33,IFI16,CLEC7A,CTNNA1,MFN1,NLRP3,FYN,FADD,NLRP1,BID,GSDMD,FYB1,CARD8,SIAH1,MOB1B,CYLD,MOB1A,ITCH,STING1,ATG16L1,BCL3,TRIP10,PIN1,PKN2,SUGT1,NF2,SIPA1,BCL2L1"
"GOTERM_CC_DIRECT","membrane","76","142","9038","20808","1.22e-2","7.33e-2","1.23","9.48e-1","6.11e-2","9.70e-3","CD86,YWHAE,CD40,DDX3X,TRAF3IP2,CD80,CTNND1,TNFRSF13C,LSP1,IL1RAP,CD3E,TNFSF13B,PYCARD,PSTPIP1,YWHAQ,CDH1,CASP4,CASP1,FCER1A,CLEC1B,RALBP1,FCER1G,APAF1,SYK,EXOC7,IL1R1,ZAP70,RNF125,CLEC4D,TRAF4,CD8B,CD8A,LCK,TBL1XR1,CLEC4E,MS4A2,TLR4,RHOQ,SKAP1,TLR3,CARD11,EXOC2,ARF6,RALA,RALB,NOD1,BCL10,NOD2,IFI16,CLEC7A,CTNNA1,MFN1,MFN2,NLRP3,FYN,CD14,ICOS,BID,GSDMD,ERBIN,CYLD,ITCH,CD4,MAVS,CD40LG,STING1,ATG16L1,TRIP10,DCHS1,PKN2,FAT4,CD247,NF2,LAT,SIPA1,BCL2L1"
"GOTERM_CC_DIRECT","plasma membrane","75","142","5927","20808","1.63e-9","5.58e-8","1.85","3.90e-7","4.65e-8","8.66e-10","CD86,YWHAE,CD40,DDX3X,CD80,CTNND1,HSPB1,CBLB,TNFRSF13C,LSP1,IL1RAP,CD3E,LIMD1,TNFSF13B,PSTPIP1,CASP8,CDH1,GRAP2,CASP4,CASP1,FCER1A,CLEC1B,RALBP1,FCER1G,SYK,EXOC7,IL1R1,ZAP70,CLEC4D,TRAF4,CD8B,CD8A,LCK,RAPGEF1,CARD16,CLEC4E,MS4A2,TLR4,RHOQ,SKAP1,TLR3,CARD11,EXOC2,ARF6,RALA,RALB,CUL1,LY96,NOD1,NLRC4,NOD2,MEFV,CLEC7A,CTNNA1,FYN,CD14,FADD,ICOS,GSDMD,FYB1,ERBIN,CYLD,AFDN,ITCH,CD4,CD40LG,STING1,TRIP10,DCHS1,PKN2,FAT4,CD247,NF2,RGL1,LAT"
"UP_KW_CELLULAR_COMPONENT","Membrane","73","130","8428","18195","1.88e-2","6.45e-2","1.21","3.66e-1","5.38e-2","1.52e-2","CD86,CD40,DDX3X,TRAF3IP2,CD80,CTNND1,TNFRSF13C,LSP1,IL1RAP,CD3E,TNFSF13B,PYCARD,PSTPIP1,CDH1,CASP4,CASP1,FCER1A,CLEC1B,RALBP1,FCER1G,APAF1,SYK,EXOC7,IL1R1,ZAP70,RNF125,CLEC4D,TRAF4,CD8B,CD8A,LCK,TBL1XR1,CARD16,CLEC4E,MS4A2,TLR4,RHOQ,SKAP1,TLR3,CARD11,ARF6,RALA,RALB,NOD1,BCL10,NOD2,CLEC7A,CTNNA1,MFN1,MFN2,NLRP3,FYN,CD14,ICOS,BID,GSDMD,ERBIN,CYLD,ITCH,CD4,MAVS,CD40LG,STING1,ATG16L1,TRIP10,DCHS1,PKN2,FAT4,CD247,NF2,LAT,SIPA1,BCL2L1"
"GOTERM_CC_DIRECT","nucleus","64","142","7054","20808","4.94e-3","3.49e-2","1.33","6.95e-1","2.91e-2","3.63e-3","YWHAE,DDX3X,TRAF3IP2,CTNND1,HSPB1,LIMD1,IFIH1,PYCARD,CASP9,CASP8,YWHAQ,GRAP2,IKBKE,SKP1,RALBP1,APAF1,SYK,FBXW11,CACYBP,LATS1,LATS2,AIM2,TRAF4,IRF3,TBL1XR1,MAPKAPK2,IRF7,TXNIP,MAPKAPK5,SKAP1,BEX3,CUL1,BRCC3,BCL10,TXN,MEFV,STK3,SAV1,RELB,TKFC,DHX33,IFI16,CTNNA1,NLRP3,FYN,NLRP1,TP53BP1,TBL1X,GSDMD,FYB1,CARD8,SIAH1,ERBIN,MOB1B,MOB1A,ITCH,BCL3,PIN1,CYCS,PKN2,SUGT1,NF2,SIPA1,BCL2L1"
"UP_KW_PTM","Ubl conjugation","58","133","2816","14452","3.69e-10","6.27e-9","2.24","5.90e-9","5.53e-9","1.62e-10","CD86,YWHAE,DDX3X,CTNND1,CBLB,IFIH1,PYCARD,CASP9,TBK1,YWHAQ,CDH1,CASP1,AZI2,IKBKE,SKP1,SYK,TICAM1,ZAP70,RNF125,TRAF4,IRF3,LCK,TBL1XR1,MAPKAPK2,RAPGEF1,IRF7,TXNIP,CARD16,TLR4,TLR3,BEX3,CUL1,NOD1,BCL10,NOD2,TXN,STK3,DHX33,IFI16,CTNNA1,MFN1,MFN2,NLRP3,NLRP1,TP53BP1,TBL1X,BID,GSDMD,CARD8,CYLD,ITCH,MAVS,STING1,BCL3,SUGT1,NF2,LAT,BCL2L1"
"GOTERM_BP_DIRECT","immune system process","56","142","953","19512","1.77e-35","2.39e-32","8.07","2.39e-32","2.11e-32","2.08e-36","CD86,CD40,DDX3X,CD80,TNFRSF13C,IL1RAP,CD3E,TNFSF13B,IFIH1,PYCARD,PSTPIP1,TBK1,DHX58,CASP4,FCER1G,SYK,TICAM1,ZAP70,RNF125,CLEC4D,AIM2,TRAF4,CD8B,IRF3,CD8A,IL23A,IRF7,CLEC4E,TLR4,SKAP1,TLR3,NAIP,CARD11,LY96,NOD1,BCL10,NLRC4,NOD2,MEFV,IFI16,CLEC7A,NLRP3,FYN,CD14,FADD,NLRP1,GSDMD,CARD8,CYLD,ITCH,CD4,MAVS,STING1,TBKBP1,CD247,LAT"
"UP_KW_BIOLOGICAL_PROCESS","Immunity","55","119","988","11605","3.11e-27","1.10e-25","5.43","1.24e-25","9.38e-26","5.47e-28","CD86,CD40,DDX3X,TNFRSF13C,IL1RAP,CD3E,TNFSF13B,IFIH1,PYCARD,PSTPIP1,TBK1,DHX58,CASP4,FCER1G,SYK,TICAM1,ZAP70,RNF125,CLEC4D,AIM2,TRAF4,CD8B,IRF3,CD8A,IL23A,IRF7,CLEC4E,TLR4,SKAP1,TLR3,NAIP,CARD11,LY96,NOD1,BCL10,NLRC4,NOD2,MEFV,IFI16,CLEC7A,NLRP3,FYN,CD14,FADD,NLRP1,GSDMD,CARD8,CYLD,ITCH,CD4,MAVS,STING1,TBKBP1,CD247,LAT"
"UP_KW_CELLULAR_COMPONENT","Nucleus","53","130","5969","18195","4.37e-2","1.16e-1","1.24","6.57e-1","9.70e-2","3.40e-2","YWHAE,DDX3X,CTNND1,HSPB1,LIMD1,IFIH1,PYCARD,CASP8,GRAP2,IKBKE,RALBP1,FBXW11,CACYBP,LATS2,AIM2,TRAF4,IRF3,TBL1XR1,MAPKAPK2,IRF7,TXNIP,MAPKAPK5,SKAP1,BEX3,BRCC3,TXN,MEFV,STK3,SAV1,RELB,DHX33,IFI16,CTNNA1,NLRP3,FYN,NLRP1,TP53BP1,TBL1X,GSDMD,FYB1,CARD8,SIAH1,ERBIN,MOB1B,MOB1A,ITCH,BCL3,PIN1,PKN2,SUGT1,NF2,SIPA1,BCL2L1"
"UP_KW_CELLULAR_COMPONENT","Cell membrane","52","130","4200","18195","2.05e-5","1.64e-4","1.73","4.91e-4","1.36e-4","1.16e-5","CD86,CD40,DDX3X,CD80,CTNND1,LSP1,IL1RAP,CD3E,TNFSF13B,PSTPIP1,CDH1,CASP1,FCER1A,RALBP1,FCER1G,SYK,EXOC7,IL1R1,ZAP70,CLEC4D,TRAF4,CD8B,CD8A,LCK,CARD16,CLEC4E,TLR4,RHOQ,SKAP1,ARF6,RALA,RALB,NOD1,NOD2,CLEC7A,CTNNA1,FYN,CD14,ICOS,GSDMD,ERBIN,CYLD,ITCH,CD4,CD40LG,STING1,TRIP10,DCHS1,FAT4,CD247,NF2,LAT"
"GOTERM_BP_DIRECT","signal transduction","48","142","2168","19512","1.52e-12","1.08e-10","3.04","2.05e-9","9.53e-11","4.90e-13","YWHAE,CD86,BEX3,RALA,RALB,NOD1,CBLB,LSP1,IL1RAP,TANK,STK3,SAV1,TNFSF13B,IFIH1,PYCARD,PSTPIP1,YWHAQ,GRAP2,CASP1,NLRP3,FADD,NLRP1,CLEC1B,RALBP1,FCER1G,IL1R1,ERBIN,TICAM1,AFDN,CD4,MAVS,TRAF4,IL1B,RAPGEF1,IRF7,TRIP10,PKN2,MAPKAPK5,CARD16,RGL1,MS4A2,RGL2,TLR4,RHOQ,CARD11,SIPA1,LAT,TLR3"
"GOTERM_MF_DIRECT","identical protein binding","47","142","1824","19272","1.93e-14","3.20e-12","3.50","6.39e-12","2.78e-12","5.41e-15","YWHAE,BEX3,RNASEL,HSPB1,NOD1,BCL10,NLRC4,CD3E,MEFV,STK3,SAV1,RELB,IFIH1,CASP9,PYCARD,PSTPIP1,CASP8,TBK1,YWHAQ,IFI16,CLEC7A,CDH1,CASP1,CTNNA1,MFN1,NLRP3,FYN,FADD,TBL1X,IKBKE,FCER1G,APAF1,SIAH1,CD4,MAVS,AIM2,IRF3,TRAF4,STING1,ATG16L1,LCK,TRIP10,CARD16,CD247,TLR4,TLR3,BCL2L1"
"UP_KW_DOMAIN","Repeat","46","102","5140","14656","3.02e-2","1.21e-1","1.29","4.58e-1","9.66e-2","2.27e-2","RNASEL,CD40,CTNND1,NOD1,CBLB,IL1RAP,NLRC4,NOD2,LIMD1,SAV1,IFIH1,CASP8,IFI16,CASP10,CDH1,GRAP2,FCER1A,NLRP3,NLRP1,CD14,TP53BP1,TBL1X,FYB1,SYK,APAF1,IL1R1,FBXW11,ERBIN,CFLAR,CYLD,AFDN,ZAP70,ITCH,CD4,TRAF4,ATG16L1,TBL1XR1,BCL3,DCHS1,PKN2,FAT4,CD247,SUGT1,TLR4,TLR3,NAIP"
"KEGG_PATHWAY","NOD-like receptor signaling pathway","44","142","189","9496","3.17e-40","4.88e-38","15.57","4.88e-38","2.92e-38","1.60e-41","YWHAE,RNASEL,NOD1,BRCC3,NLRC4,NOD2,TXN,MEFV,TANK,TXN2,PYCARD,PSTPIP1,CASP8,TBK1,CASP5,DHX33,IFI16,CASP4,CASP1,MFN1,MFN2,NLRP3,FADD,NLRP1,TP53BP1,IKBKE,GSDMD,CARD8,ERBIN,TICAM1,MAVS,AIM2,IRF3,STING1,ATG16L1,IL1B,IRF7,TXNIP,PKN2,CARD16,SUGT1,TLR4,NAIP,BCL2L1"
"GOTERM_BP_DIRECT","innate immune response","41","142","621","19512","4.28e-27","2.88e-24","9.07","5.77e-24","2.55e-24","4.45e-28","DDX3X,LY96,NOD1,BCL10,IL1RAP,NLRC4,NOD2,MEFV,RELB,IFIH1,PYCARD,PSTPIP1,TBK1,IFI16,CLEC7A,CASP4,DHX58,NLRP3,FADD,NLRP1,CD14,GSDMD,FCER1G,SYK,CARD8,TICAM1,CYLD,ITCH,MAVS,CLEC4D,AIM2,IRF3,TRAF4,STING1,IL23A,IRF7,TBKBP1,CLEC4E,TLR4,TLR3,NAIP"
"UP_KW_BIOLOGICAL_PROCESS","Innate immunity","40","119","432","11605","5.52e-27","1.10e-25","9.03","2.21e-25","9.38e-26","5.61e-28","DDX3X,LY96,NOD1,BCL10,IL1RAP,NLRC4,NOD2,MEFV,IFIH1,PYCARD,PSTPIP1,TBK1,IFI16,CLEC7A,CASP4,DHX58,NLRP3,FADD,NLRP1,CD14,GSDMD,FCER1G,SYK,CARD8,TICAM1,CYLD,ITCH,MAVS,CLEC4D,AIM2,IRF3,TRAF4,STING1,IL23A,IRF7,TBKBP1,CLEC4E,TLR4,TLR3,NAIP"
"GOTERM_BP_DIRECT","apoptotic process","39","142","800","19512","4.87e-21","8.20e-19","6.70","6.56e-18","7.25e-19","6.98e-22","BEX3,RALB,DDX3X,CUL1,NOD1,BCL10,NLRC4,STK3,SAV1,CASP9,PYCARD,CASP8,CASP5,IFI16,CASP10,CASP4,CASP1,CTNNA1,MFN2,NLRP3,FADD,NLRP1,CD14,BID,SKP1,APAF1,SIAH1,CFLAR,TICAM1,ITCH,IRF3,TRAF4,IL1B,BCL3,CYCS,PKN2,CARD16,NAIP,BCL2L1"
"GOTERM_CC_DIRECT","nucleoplasm","38","142","4091","20808","3.43e-2","1.64e-1","1.36","1.00e+0","1.37e-1","2.42e-2","CUL1,CBLB,BRCC3,BCL10,TXN,LIMD1,MEFV,RELB,PYCARD,TBK1,DHX33,IFI16,GRAP2,NLRP1,TP53BP1,TBL1X,IKBKE,SKP1,GSDMD,RALBP1,CARD8,CACYBP,CYLD,AFDN,ITCH,AIM2,IRF3,TRAF4,STING1,TBL1XR1,BCL3,MAPKAPK2,IRF7,TRIP10,PIN1,PKN2,MAPKAPK5,SKAP1"
"UP_KW_BIOLOGICAL_PROCESS","Host-virus interaction","34","119","696","11605","3.35e-14","3.35e-13","4.76","1.34e-12","2.85e-13","6.74e-15","YWHAE,CD86,DDX3X,CD80,CUL1,HSPB1,TANK,IFIH1,CASP8,TBK1,DHX58,FYN,FADD,NLRP1,TP53BP1,CLEC1B,AZI2,IKBKE,SKP1,SYK,FBXW11,CARD8,CFLAR,TICAM1,ITCH,CD4,MAVS,IRF3,STING1,LCK,IRF7,PKN2,TBKBP1,CD247"
"GOTERM_BP_DIRECT","inflammatory response","34","142","474","19512","2.39e-23","6.43e-21","9.86","3.21e-20","5.68e-21","2.27e-24","CD40,TRAF3IP2,LY96,NOD1,IL1RAP,NLRC4,MEFV,RELB,PYCARD,PSTPIP1,TBK1,IFI16,CLEC7A,CASP4,CASP1,NLRP3,NLRP1,CD14,GSDMD,IL1R1,CARD8,TICAM1,ITCH,AIM2,CD40LG,IL23A,IL1B,MAPKAPK2,TXNIP,CARD16,TLR4,LAT,TLR3,NAIP"
"UP_KW_PTM","Isopeptide bond","33","133","1921","14452","4.49e-4","1.91e-3","1.87","7.16e-3","1.68e-3","2.33e-4","YWHAE,DDX3X,CTNND1,CUL1,BCL10,IFIH1,PYCARD,TBK1,YWHAQ,IFI16,CASP1,CTNNA1,NLRP3,TP53BP1,TBL1X,IKBKE,SKP1,TICAM1,ZAP70,MAVS,IRF3,TRAF4,STING1,LCK,TBL1XR1,MAPKAPK2,RAPGEF1,IRF7,TXNIP,CARD16,SUGT1,CARD11,TLR3"
"UP_KW_LIGAND","Nucleotide-binding","33","59","1888","7011","4.71e-6","7.53e-5","2.08","7.53e-5","7.53e-5","2.22e-6","RALA,RNASEL,RALB,DDX3X,NOD1,NLRC4,NOD2,STK3,IFIH1,TKFC,TBK1,DHX33,DHX58,MFN1,MFN2,NLRP3,FYN,NLRP1,IKBKE,RALBP1,SYK,APAF1,LATS1,ZAP70,LATS2,STING1,LCK,MAPKAPK2,PKN2,MAPKAPK5,RHOQ,NAIP,ARF6"
"GOTERM_MF_DIRECT","nucleotide binding","33","142","1839","19272","2.74e-6","8.24e-5","2.44","9.06e-4","7.17e-5","1.10e-6","RALA,RNASEL,RALB,DDX3X,NOD1,NLRC4,NOD2,STK3,IFIH1,TKFC,TBK1,DHX33,DHX58,MFN1,MFN2,NLRP3,FYN,NLRP1,IKBKE,RALBP1,SYK,APAF1,LATS1,ZAP70,LATS2,STING1,LCK,MAPKAPK2,PKN2,MAPKAPK5,RHOQ,NAIP,ARF6"
"UP_KW_DOMAIN","Coiled coil","29","102","2756","14656","1.81e-2","9.05e-2","1.51","3.06e-1","7.24e-2","1.15e-2","CTNND1,MEFV,TANK,STK3,SAV1,PSTPIP1,TBK1,DHX58,MFN1,MFN2,AZI2,IKBKE,FYB1,EXOC7,CARD8,CACYBP,AFDN,SIKE1,TRAF4,ATG16L1,IFNK,TRIP10,PKN2,TBKBP1,MAPKAPK5,NF2,CARD11,EXOC2,SIPA1"
"GOTERM_BP_DIRECT","defense response to virus","29","142","256","19512","3.25e-25","1.09e-22","15.57","4.37e-22","9.66e-23","1.87e-26","RNASEL,CD40,TANK,IFIH1,PYCARD,TBK1,IFI16,DHX58,CASP1,NLRP3,FADD,NLRP1,AZI2,IKBKE,CARD8,TICAM1,ITCH,MAVS,AIM2,IRF3,STING1,ATG16L1,IL23A,IFNK,IRF7,TBKBP1,CARD16,TLR3,BCL2L1"
"GOTERM_BP_DIRECT","positive regulation of canonical NF-kappaB signal transduction","29","142","236","19512","3.27e-26","1.47e-23","16.88","4.41e-23","1.30e-23","1.72e-27","CD40,TRAF3IP2,CUL1,NOD1,BCL10,NOD2,PYCARD,CASP8,TBK1,CLEC7A,CASP10,CASP1,FADD,IKBKE,IL1R1,FBXW11,CFLAR,TICAM1,CYLD,CD4,MAVS,CLEC4D,CD40LG,IRF3,IL1B,CARD16,TLR4,CARD11,TLR3"
"UP_KW_BIOLOGICAL_PROCESS","Apoptosis","28","119","589","11605","2.54e-11","2.03e-10","4.64","1.02e-9","1.73e-10","5.25e-12","BEX3,RALB,DDX3X,NOD1,BCL10,NLRC4,STK3,CASP9,PYCARD,CASP8,CASP5,IFI16,CASP10,CASP1,MFN2,FADD,BID,APAF1,SIAH1,CFLAR,TICAM1,ITCH,TRAF4,CYCS,PKN2,CARD16,NAIP,BCL2L1"
"GOTERM_CC_DIRECT","extracellular exosome","27","142","2242","20808","4.35e-3","3.17e-2","1.76","6.49e-1","2.64e-2","2.38e-3","YWHAE,CD86,RALA,CD40,RALB,DDX3X,CTNND1,HSPB1,LSP1,TXN,TKFC,YWHAQ,CDH1,CD14,CTSD,APAF1,CACYBP,MOB1B,MOB1A,ITCH,LCK,MAPKAPK2,TRIP10,FAT4,RHOQ,CARD11,ARF6"
"GOTERM_MF_DIRECT","ATP binding","26","142","1549","19272","1.39e-4","3.02e-3","2.28","4.50e-2","2.63e-3","5.93e-5","RNASEL,DDX3X,NOD1,NLRC4,NOD2,STK3,IFIH1,TKFC,TBK1,DHX33,DHX58,NLRP3,FYN,NLRP1,IKBKE,RALBP1,SYK,APAF1,LATS1,ZAP70,LATS2,LCK,MAPKAPK2,PKN2,MAPKAPK5,NAIP"
"UP_KW_LIGAND","ATP-binding","26","59","1452","7011","9.08e-5","7.26e-4","2.13","1.45e-3","7.26e-4","4.16e-5","RNASEL,DDX3X,NOD1,NLRC4,NOD2,STK3,IFIH1,TKFC,TBK1,DHX33,DHX58,NLRP3,FYN,NLRP1,IKBKE,RALBP1,SYK,APAF1,LATS1,ZAP70,LATS2,LCK,MAPKAPK2,PKN2,MAPKAPK5,NAIP"
"GOTERM_BP_DIRECT","regulation of apoptotic process","26","142","291","19512","5.60e-20","8.38e-18","12.28","7.54e-17","7.41e-18","4.20e-21","NOD1,BCL10,NLRC4,NOD2,CD3E,CASP9,PYCARD,CASP8,CASP5,CASP10,CASP4,CASP1,FADD,NLRP1,BID,APAF1,CARD8,CFLAR,IRF3,TRAF4,BCL3,CARD16,NF2,CARD11,NAIP,BCL2L1"
"UP_KW_MOLECULAR_FUNCTION","Hydrolase","25","87","1940","12059","3.78e-3","2.80e-2","1.79","1.31e-1","2.34e-2","2.04e-3","RALA,RNASEL,RALB,DDX3X,BRCC3,IL1RAP,IFIH1,CASP9,CASP8,CASP5,DHX33,CASP10,CASP4,DHX58,CASP1,MFN1,MFN2,NLRP3,NLRP1,CTSD,IL1R1,CARD8,CYLD,CARD16,ARF6"
"GOTERM_CC_DIRECT","mitochondrion","25","142","1832","20808","1.28e-3","1.08e-2","2.00","2.65e-1","9.02e-3","6.21e-4","RALA,RNASEL,DDX3X,NOD2,TXN2,IFIH1,CASP9,PYCARD,CASP8,CASP4,MFN1,MFN2,NLRP3,FYN,BID,GSDMD,RALBP1,TICAM1,ITCH,MAVS,AIM2,IRF3,STING1,CYCS,BCL2L1"
"GOTERM_BP_DIRECT","positive regulation of transcription by RNA polymerase II","25","142","1243","19512","9.20e-6","1.61e-4","2.76","1.23e-2","1.42e-4","3.23e-6","RNASEL,CD40,DDX3X,NOD2,RELB,TBK1,IFI16,NLRP3,FADD,TP53BP1,TBL1X,MAVS,IRF3,STING1,TBL1XR1,IL23A,IL1B,BCL3,IRF7,PIN1,MAPKAPK5,TLR4,RHOQ,SKAP1,TLR3"
"GOTERM_CC_DIRECT","protein-containing complex","25","142","797","20808","7.82e-10","3.13e-8","4.60","1.88e-7","2.61e-8","1.65e-10","BCL10,NOD2,TANK,STK3,RELB,CASP9,PYCARD,CASP8,CASP5,YWHAQ,CASP4,CASP1,FADD,FYB1,SYK,APAF1,CARD8,ITCH,BCL3,RAPGEF1,PKN2,MAPKAPK5,CARD16,SUGT1,SIPA1"
"GOTERM_MF_DIRECT","hydrolase activity","24","142","1847","19272","7.88e-3","6.06e-2","1.76","9.27e-1","5.27e-2","4.29e-3","RALA,RNASEL,RALB,DDX3X,IL1R1,CARD8,IL1RAP,BRCC3,IFIH1,CASP9,CYLD,CASP8,CASP5,DHX33,CASP10,CASP4,DHX58,CASP1,MFN1,MFN2,NLRP3,NLRP1,CTSD,ARF6"
"INTERPRO","DEATH-like_dom_sf","24","142","105","20827","1.06e-28","5.06e-26","33.52","5.06e-26","4.75e-26","2.49e-30","APAF1,CARD8,NOD1,CFLAR,BCL10,NLRC4,NOD2,MEFV,IFIH1,CASP9,PYCARD,MAVS,AIM2,CASP8,IFI16,CASP5,CASP10,CASP4,CASP1,NLRP3,FADD,NLRP1,CARD16,CARD11"
"KEGG_PATHWAY","Salmonella infection","23","142","251","9496","1.43e-11","2.75e-10","6.13","2.20e-9","1.64e-10","2.14e-12","GSDMD,RALA,EXOC7,LY96,NOD1,NLRC4,TXN,TXN2,PYCARD,CASP8,CASP5,IL1B,CASP4,CASP1,NLRP3,CYCS,CD14,FADD,TLR4,EXOC2,NAIP,SKP1,ARF6"
"GOTERM_BP_DIRECT","intracellular signal transduction","23","142","501","19512","1.16e-11","6.78e-10","6.31","1.56e-8","5.99e-10","1.76e-12","YWHAE,DDX3X,SYK,TRAF3IP2,CD80,ERBIN,HSPB1,CBLB,NOD1,NOD2,STK3,ZAP70,MAVS,LATS2,LCK,MAPKAPK2,FYN,PKN2,BID,RGL2,IKBKE,LAT,SIPA1"
"UP_KW_BIOLOGICAL_PROCESS","Inflammatory response","23","119","195","11605","2.67e-17","3.56e-16","11.50","1.07e-15","3.02e-16","2.08e-18","GSDMD,TRAF3IP2,IL1R1,CARD8,LY96,IL1RAP,NLRC4,MEFV,TICAM1,PYCARD,PSTPIP1,AIM2,IFI16,CLEC7A,IL23A,IL1B,CASP4,NLRP3,CD14,NLRP1,TLR4,TLR3,NAIP"
"GOTERM_BP_DIRECT","immune response","22","142","572","19512","9.39e-10","3.83e-8","5.28","1.26e-6","3.38e-8","1.71e-10","CD86,FYB1,TRAF3IP2,IL1R1,CD80,CBLB,IL1RAP,TNFSF13B,ZAP70,CD4,AIM2,CD40LG,CD8B,IL23A,CD8A,IL1B,CLEC4E,ICOS,MS4A2,IKBKE,TLR4,LAT"
"KEGG_PATHWAY","Shigellosis","22","142","253","9496","1.22e-10","1.87e-9","5.82","1.87e-8","1.12e-9","1.93e-11","IL1R1,FBXW11,CUL1,NOD1,BCL10,NLRC4,PYCARD,TBK1,IRF3,STING1,ATG16L1,IL1B,CASP4,CASP1,NLRP3,CYCS,CD14,TLR4,NAIP,SKP1,BCL2L1,ARF6"
"KEGG_PATHWAY","Lipid and atherosclerosis","21","142","216","9496","4.88e-11","8.35e-10","6.50","7.51e-9","4.99e-10","6.86e-12","CD40,APAF1,LY96,TICAM1,TANK,CASP9,PYCARD,CASP8,TBK1,CD40LG,IRF3,IL1B,CASP1,IRF7,NLRP3,CYCS,CD14,BID,IKBKE,TLR4,BCL2L1"
"GOTERM_BP_DIRECT","cell surface receptor signaling pathway","21","142","399","19512","1.02e-11","6.25e-10","7.23","1.38e-8","5.52e-10","1.34e-12","CD86,FCER1G,SYK,IL1R1,CD80,LY96,CBLB,TICAM1,CD3E,CD4,CD40LG,IRF3,TRAF4,LCK,CD8A,FCER1A,FYN,CD14,CD247,CLEC1B,MS4A2"
"KEGG_PATHWAY","RIG-I-like receptor signaling pathway","21","142","72","9496","1.07e-20","8.27e-19","19.50","1.65e-18","4.94e-19","4.04e-22","DDX3X,TANK,IFIH1,CYLD,MAVS,SIKE1,CASP8,TBK1,TKFC,RNF125,IRF3,STING1,CASP10,DHX58,IFNK,IRF7,PIN1,TBKBP1,FADD,AZI2,IKBKE"
"GOTERM_CC_DIRECT","cytoskeleton","20","142","1569","20808","9.67e-3","6.11e-2","1.87","9.03e-1","5.09e-2","4.95e-3","RALBP1,DDX3X,HSPB1,BRCC3,NOD2,MEFV,STK3,RELB,LATS1,CYLD,PSTPIP1,CASP8,LATS2,TRAF4,TRIP10,CTNNA1,NLRP3,PKN2,NF2,BCL2L1"
"GOTERM_MF_DIRECT","protein kinase binding","20","142","491","19272","3.30e-9","1.82e-7","5.53","1.09e-6","1.59e-7","5.74e-10","SYK,HSPB1,NOD2,TICAM1,CD3E,RELB,CASP9,LATS1,CYLD,MAVS,SIKE1,CD4,TRAF4,STING1,LCK,LAT,RHOQ,SKAP1,EXOC2,BCL2L1"
"KEGG_PATHWAY","Influenza A","20","142","173","9496","7.65e-12","1.68e-10","7.73","1.18e-9","1.00e-10","8.88e-13","RNASEL,APAF1,TICAM1,IFIH1,CASP9,PYCARD,MAVS,CASP8,TBK1,IRF3,IL1B,CASP1,IRF7,NLRP3,CYCS,FADD,BID,IKBKE,TLR4,TLR3"
"KEGG_PATHWAY","C-type lectin receptor signaling pathway","20","142","105","9496","6.26e-16","2.41e-14","12.74","1.03e-13","1.44e-14","4.09e-17","FCER1G,SYK,CBLB,LSP1,BCL10,RELB,PYCARD,CYLD,CLEC4D,CASP8,CLEC7A,IL23A,IL1B,MAPKAPK2,BCL3,CASP1,NLRP3,CLEC1B,CLEC4E,IKBKE"
"KEGG_PATHWAY","NF-kappa B signaling pathway","20","142","105","9496","6.26e-16","2.41e-14","12.74","1.03e-13","1.44e-14","4.09e-17","CD40,SYK,IL1R1,LY96,TNFRSF13C,CFLAR,BCL10,TICAM1,TNFSF13B,RELB,CYLD,ZAP70,CD40LG,LCK,IL1B,CD14,TLR4,LAT,CARD11,BCL2L1"
"UP_KW_CELLULAR_COMPONENT","Mitochondrion","19","130","1403","18195","1.01e-2","4.35e-2","1.90","2.17e-1","3.63e-2","5.11e-3","GSDMD,RALA,RALBP1,RNASEL,NOD2,TICAM1,TXN2,IFIH1,PYCARD,MAVS,IRF3,STING1,CASP4,MFN1,MFN2,NLRP3,CYCS,BID,BCL2L1"
"UP_KW_PTM","Lipoprotein","19","133","988","14452","3.79e-3","1.29e-2","2.09","5.89e-2","1.14e-2","1.74e-3","GSDMD,RALA,RALB,CD80,NOD1,NOD2,MAVS,CD4,RNF125,STING1,CD8B,LCK,CD8A,NLRP3,FYN,CD14,LAT,RHOQ,ARF6"
"KEGG_PATHWAY","Herpes simplex virus 1 infection","19","142","183","9496","1.81e-10","2.24e-9","6.94","2.78e-8","1.34e-9","2.36e-11","RNASEL,SYK,APAF1,TICAM1,IFIH1,CASP9,MAVS,CASP8,TBK1,IRF3,STING1,IL1B,IRF7,CYCS,FADD,BID,IKBKE,TLR3,BCL2L1"
"KEGG_PATHWAY","Tuberculosis","19","142","182","9496","1.65e-10","2.24e-9","6.98","2.54e-8","1.34e-9","2.14e-11","FCER1G,SYK,APAF1,LSP1,BCL10,NOD2,CASP9,CASP8,CLEC7A,IL23A,CASP10,IL1B,CYCS,CD14,FADD,CLEC4E,BID,CTSD,TLR4"
"GOTERM_BP_DIRECT","positive regulation of apoptotic process","19","142","333","19512","3.48e-11","1.74e-9","7.84","4.69e-8","1.54e-9","4.21e-12","DDX3X,APAF1,SIAH1,NOD1,BCL10,NLRC4,STK3,SAV1,CASP9,PYCARD,LATS1,CASP8,LATS2,TXNIP,FADD,BID,CTSD,TLR3,BCL2L1"
"KEGG_PATHWAY","Yersinia infection","19","142","138","9496","1.47e-12","3.76e-11","9.21","2.26e-10","2.25e-11","1.40e-13","FYB1,NLRC4,MEFV,TICAM1,PYCARD,ZAP70,CD4,TBK1,IRF3,CD8B,LCK,CD8A,IL1B,CASP1,NLRP3,PKN2,TLR4,LAT,ARF6"
"GOTERM_BP_DIRECT","defense response to bacterium","19","142","222","19512","3.62e-14","3.25e-12","11.76","4.88e-11","2.87e-12","2.88e-15","GSDMD,FCER1G,SYK,NOD1,NLRC4,NOD2,PYCARD,CYLD,MAVS,CLEC4D,CASP4,BCL3,CASP1,NLRP1,CARD16,CLEC4E,TLR4,TLR3,NAIP"
"UP_KW_CELLULAR_COMPONENT","Cytoskeleton","18","130","1462","18195","2.93e-2","8.79e-2","1.72","5.10e-1","7.33e-2","1.61e-2","RALBP1,DDX3X,HSPB1,BRCC3,MEFV,STK3,RELB,LATS1,CYLD,PSTPIP1,LATS2,TRAF4,TRIP10,CTNNA1,NLRP3,PKN2,NF2,BCL2L1"
"INTERPRO","P-loop_NTPase","18","142","917","20827","1.59e-4","3.99e-3","2.88","7.30e-2","3.74e-3","5.34e-5","RALA,RALB,DDX3X,APAF1,NOD1,NLRC4,NOD2,IFIH1,DHX33,DHX58,MFN1,MFN2,NLRP3,NLRP1,RHOQ,CARD11,NAIP,ARF6"
"GOTERM_BP_DIRECT","adaptive immune response","18","142","549","19512","4.78e-7","1.13e-5","4.51","6.43e-4","9.97e-6","1.02e-7","CD86,SYK,TNFRSF13C,BCL10,NOD2,CD3E,ZAP70,CD4,CLEC4D,RNF125,CD8B,CD8A,IFNK,FYN,CD247,LAT,SKAP1,SIPA1"
"KEGG_PATHWAY","Hepatitis B","18","142","163","9496","2.39e-10","2.45e-9","7.38","3.68e-8","1.46e-9","2.92e-11","DDX3X,APAF1,TICAM1,IFIH1,CASP9,MAVS,CASP8,TBK1,IRF3,YWHAQ,CASP10,IRF7,CYCS,FADD,BID,IKBKE,TLR4,TLR3"
"GOTERM_BP_DIRECT","positive regulation of interleukin-1 beta production","18","142","70","19512","8.27e-22","1.59e-19","35.33","1.11e-18","1.41e-19","1.79e-23","GSDMD,CARD8,HSPB1,NOD1,NLRC4,NOD2,MEFV,PYCARD,AIM2,CASP8,IFI16,CLEC7A,CASP1,NLRP3,NLRP1,CARD16,TLR4,NAIP"
"GOTERM_BP_DIRECT","regulation of gene expression","17","142","419","19512","6.39e-8","1.76e-6","5.58","8.61e-5","1.55e-6","1.10e-8","RNASEL,CD40,ERBIN,MEFV,STK3,SAV1,RELB,ITCH,TBK1,CD40LG,IRF3,STING1,TBL1XR1,CDH1,IL23A,IRF7,PIN1"
"KEGG_PATHWAY","Hepatitis C","17","142","159","9496","1.42e-9","1.29e-8","7.15","2.19e-7","7.69e-9","1.80e-10","YWHAE,RNASEL,APAF1,CFLAR,TICAM1,CASP9,MAVS,CASP8,TBK1,IRF3,YWHAQ,IRF7,CYCS,FADD,BID,IKBKE,TLR3"
"UP_SEQ_FEATURE","CROSSLNK:Glycyl lysine isopeptide (Lys-Gly) (interchain with G-Cter in ubiquitin)","17","141","333","20669","1.01e-9","5.79e-7","7.48","1.74e-6","5.72e-7","1.29e-10","BCL10,TICAM1,PYCARD,ZAP70,MAVS,TBK1,TRAF4,STING1,LCK,CASP1,IRF7,TXNIP,NLRP3,CARD16,TP53BP1,IKBKE,TLR3"
"KEGG_PATHWAY","Measles","17","142","139","9496","1.89e-10","2.24e-9","8.18","2.91e-8","1.34e-9","2.06e-11","APAF1,CBLB,CD3E,IFIH1,CASP9,MAVS,CASP8,TBK1,IRF3,IL1B,IRF7,CYCS,FADD,BID,IKBKE,TLR4,BCL2L1"
"GOTERM_BP_DIRECT","positive regulation of inflammatory response","17","142","125","19512","7.09e-16","6.82e-14","18.69","8.97e-13","6.03e-14","3.33e-17","GSDMD,CARD8,NLRC4,MEFV,PYCARD,AIM2,CASP5,IL23A,IL1B,CASP4,CASP1,NLRP3,NLRP1,CARD16,TLR4,TLR3,NAIP"
"GOTERM_BP_DIRECT","positive regulation of tumor necrosis factor production","17","142","115","19512","1.82e-16","2.04e-14","20.31","2.99e-13","1.80e-14","7.76e-18","FCER1G,SYK,HSPB1,LY96,NOD1,NOD2,TICAM1,IFIH1,PYCARD,MAVS,CLEC7A,IL23A,MAPKAPK2,CD14,FADD,TLR4,TLR3"
"KEGG_PATHWAY","Pathways in cancer","16","142","533","9496","1.26e-2","3.72e-2","2.01","8.57e-1","2.22e-2","5.92e-3","RALA,RALBP1,RALB,APAF1,CUL1,CASP9,CASP8,TRAF4,CDH1,IL23A,CTNNA1,CYCS,FADD,BID,SKP1,BCL2L1"
"UP_KW_BIOLOGICAL_PROCESS","Adaptive immunity","16","119","527","11605","2.83e-4","1.62e-3","2.96","1.13e-2","1.38e-3","9.18e-5","CD86,SYK,TNFRSF13C,BCL10,NOD2,CD3E,ZAP70,CD4,CLEC4D,RNF125,CD8B,CD8A,FYN,CD247,LAT,SKAP1"
"GOTERM_CC_DIRECT","cell surface","16","142","701","20808","8.46e-5","1.19e-3","3.34","2.01e-2","9.96e-4","2.44e-5","CD86,RALA,CD40,FCER1G,IL1R1,CD80,IL1RAP,NOD2,CD4,CD40LG,CD8B,CLEC7A,FCER1A,CD14,CLEC1B,TLR4"
"KEGG_PATHWAY","Human immunodeficiency virus 1 infection","16","142","214","9496","6.00e-7","4.02e-6","5.00","9.24e-5","2.40e-6","1.12e-7","FBXW11,CUL1,CD3E,CASP9,CD4,CASP8,TBK1,IRF3,STING1,CYCS,FADD,CD247,BID,TLR4,SKP1,BCL2L1"
"KEGG_PATHWAY","Epstein-Barr virus infection","16","142","205","9496","3.45e-7","2.42e-6","5.22","5.31e-5","1.44e-6","6.15e-8","CD40,SYK,APAF1,CD3E,RELB,CASP9,MAVS,CASP8,TBK1,IRF3,IRF7,CYCS,FADD,CD247,BID,IKBKE"
"GOTERM_CC_DIRECT","external side of plasma membrane","16","142","402","20808","1.01e-7","2.68e-6","5.83","2.41e-5","2.24e-6","1.65e-8","CD86,CD40,FCER1G,IL1R1,CD80,TNFRSF13C,CD3E,CD4,CLEC4D,CD40LG,CD8A,FCER1A,CD14,CLEC4E,MS4A2,TLR4"
"GOTERM_MF_DIRECT","ubiquitin protein ligase binding","16","142","305","19272","7.08e-9","3.35e-7","7.12","2.34e-6","2.91e-7","9.45e-10","YWHAE,RALA,CD40,RALB,CUL1,CACYBP,BCL10,TANK,CASP8,TRAF4,STING1,CASP10,TXNIP,MFN2,BID,IKBKE"
"KEGG_PATHWAY","Cytosolic DNA-sensing pathway","16","142","83","9496","9.10e-13","2.80e-11","12.89","1.40e-10","1.67e-11","5.85e-14","GSDMD,MEFV,PYCARD,MAVS,AIM2,CASP8,TBK1,IFI16,IRF3,STING1,IL1B,CASP1,IRF7,NLRP3,FADD,IKBKE"
"UP_KW_BIOLOGICAL_PROCESS","Ubl conjugation pathway","15","119","802","11605","3.28e-2","1.46e-1","1.82","7.36e-1","1.24e-1","1.69e-2","TRAF3IP2,FBXW11,SIAH1,CUL1,CBLB,CACYBP,BRCC3,CYLD,ITCH,RNF125,TRAF4,TBL1XR1,TBL1X,SUGT1,SKP1"
"GOTERM_CC_DIRECT","perinuclear region of cytoplasm","15","142","737","20808","4.92e-4","4.92e-3","2.98","1.11e-1","4.10e-3","1.59e-4","BCL10,TNFSF13B,CYLD,PSTPIP1,TRAF4,STING1,CDH1,BCL3,RAPGEF1,TRIP10,FYN,PKN2,NF2,TLR4,SIPA1"
"KEGG_PATHWAY","T cell receptor signaling pathway","15","142","122","9496","2.88e-9","2.46e-8","8.22","4.43e-7","1.47e-8","3.12e-10","CBLB,BCL10,CD3E,ZAP70,CD4,CD40LG,CD8B,LCK,CD8A,GRAP2,FYN,CD247,ICOS,LAT,CARD11"
"KEGG_PATHWAY","Toll-like receptor signaling pathway","15","142","109","9496","6.35e-10","6.12e-9","9.20","9.78e-8","3.65e-9","6.07e-11","CD86,CD40,CD80,LY96,TICAM1,CASP8,TBK1,IRF3,IL1B,IRF7,CD14,FADD,IKBKE,TLR4,TLR3"
"GOTERM_BP_DIRECT","cellular response to lipopolysaccharide","15","142","194","19512","1.38e-10","6.41e-9","10.62","1.86e-7","5.66e-9","1.21e-11","CD86,CD40,CD80,LY96,BCL10,NOD2,TICAM1,PYCARD,IRF3,IL1B,CASP1,NLRP3,CD14,CARD16,TLR4"
"GOTERM_BP_DIRECT","T cell activation","15","142","81","19512","6.42e-16","6.65e-14","25.45","8.97e-13","5.88e-14","2.10e-17","CD86,TRAF3IP2,CD80,CBLB,CD3E,ZAP70,CD4,CASP8,CD8B,CLEC7A,LCK,CD8A,AZI2,LAT,CARD11"
"UP_SEQ_FEATURE","DOMAIN:CARD","15","141","30","20669","2.89e-23","4.97e-20","73.29","4.97e-20","4.91e-20","2.12e-25","APAF1,CARD8,NOD1,BCL10,NLRC4,NOD2,CASP9,PYCARD,MAVS,CASP5,CASP4,CASP1,NLRP1,CARD16,CARD11"
"GOTERM_BP_DIRECT","positive regulation of DNA-templated transcription","14","142","791","19512","4.86e-3","4.17e-2","2.43","9.99e-1","3.69e-2","1.91e-3","CD86,FBXW11,CD80,BCL10,CD4,IRF3,TBL1XR1,CDH1,IL1B,BCL3,IRF7,TP53BP1,TBL1X,SKAP1"
"GOTERM_MF_DIRECT","kinase activity","14","142","729","19272","2.71e-3","2.99e-2","2.61","5.93e-1","2.60e-2","9.97e-4","SYK,STK3,MOB1B,LATS1,ZAP70,TBK1,TKFC,LATS2,LCK,MAPKAPK2,MAPKAPK5,FYN,PKN2,IKBKE"
"UP_KW_MOLECULAR_FUNCTION","Kinase","14","87","755","12059","2.55e-3","2.68e-2","2.57","9.02e-2","2.24e-2","9.53e-4","SYK,STK3,MOB1B,LATS1,ZAP70,TBK1,TKFC,LATS2,LCK,MAPKAPK2,MAPKAPK5,FYN,PKN2,IKBKE"
"GOTERM_BP_DIRECT","proteolysis","14","142","671","19512","1.17e-3","1.24e-2","2.87","7.95e-1","1.09e-2","3.93e-4","CARD8,CFLAR,BRCC3,CASP9,CYLD,CASP8,CASP5,CASP10,CASP4,CASP1,NLRP1,CARD16,TBL1X,CTSD"
"KEGG_PATHWAY","Pathogenic Escherichia coli infection","14","142","203","9496","9.49e-6","5.22e-5","4.61","1.46e-3","3.12e-5","1.92e-6","IL1R1,CASP9,PYCARD,CASP8,IL1B,CASP4,CASP1,NLRP3,CYCS,FYN,FADD,TLR4,NAIP,ARF6"
"KEGG_PATHWAY","Kaposi sarcoma-associated herpesvirus infection","14","142","196","9496","6.48e-6","3.84e-5","4.78","9.97e-4","2.29e-5","1.27e-6","CD86,SYK,TICAM1,CASP9,CASP8,TBK1,IRF3,MAPKAPK2,IRF7,CYCS,FADD,BID,IKBKE,TLR3"
"GOTERM_BP_DIRECT","regulation of inflammatory response","14","142","108","19512","9.58e-13","7.17e-11","17.81","1.29e-9","6.33e-11","4.75e-14","IL1R1,NOD2,MEFV,PYCARD,CYLD,IFI16,IRF3,STING1,CASP4,CASP1,NLRP3,NLRP1,CARD16,TLR4"
"GOTERM_BP_DIRECT","positive regulation of interleukin-6 production","14","142","103","19512","5.13e-13","4.07e-11","18.68","6.92e-10","3.59e-11","2.42e-14","FCER1G,SYK,NOD1,IL1RAP,BCL10,NOD2,TICAM1,IFIH1,PYCARD,MAVS,CLEC7A,IL1B,TLR4,TLR3"
"GOTERM_BP_DIRECT","positive regulation of type I interferon production","14","142","57","19512","1.52e-16","1.87e-14","33.75","1.50e-13","1.65e-14","3.51e-18","DDX3X,SYK,TICAM1,TANK,MAVS,TBK1,IRF3,DHX33,STING1,DHX58,IRF7,CD14,IKBKE,TLR3"
"INTERPRO","CARD","14","142","29","20827","2.19e-21","5.22e-19","70.81","1.04e-18","4.89e-19","1.72e-23","APAF1,CARD8,NOD1,BCL10,NLRC4,NOD2,CASP9,PYCARD,CASP5,CASP4,CASP1,NLRP1,CARD16,CARD11"
"GOTERM_BP_DIRECT","pattern recognition receptor signaling pathway","14","142","22","19512","3.90e-23","8.75e-21","87.44","5.25e-20","7.73e-21","1.84e-25","LY96,NOD1,NLRC4,NOD2,MEFV,PYCARD,AIM2,STING1,CASP1,NLRP3,NLRP1,CARD16,CLEC4E,NAIP"
"GOTERM_CC_DIRECT","canonical inflammasome complex","14","142","16","20808","1.98e-26","4.76e-24","128.22","4.76e-24","3.96e-24","2.92e-29","GSDMD,DDX3X,CARD8,NLRC4,MEFV,PYCARD,AIM2,DHX33,CASP4,CASP1,NLRP3,NLRP1,CARD16,NAIP"
"UP_SEQ_FEATURE","ACT_SITE:Proton acceptor","13","141","909","20669","2.08e-2","6.15e-1","2.10","1.00e+0","6.07e-1","9.38e-3","SYK,STK3,LATS1,CYLD,ZAP70,TBK1,LATS2,LCK,MAPKAPK2,MAPKAPK5,FYN,PKN2,IKBKE"
"GOTERM_MF_DIRECT","protein kinase activity","13","142","526","19272","4.95e-4","7.56e-3","3.35","1.51e-1","6.58e-3","1.42e-4","RNASEL,SYK,STK3,LATS1,ZAP70,TBK1,LATS2,LCK,MAPKAPK2,MAPKAPK5,FYN,PKN2,IKBKE"
"UP_KW_PTM","Palmitate","13","133","410","14452","3.76e-4","1.91e-3","3.45","5.99e-3","1.68e-3","1.04e-4","GSDMD,CD80,NOD1,NOD2,MAVS,CD4,STING1,CD8B,LCK,CD8A,NLRP3,FYN,LAT"
"INTERPRO","Kinase-like_dom_sf","13","142","545","20827","3.41e-4","7.40e-3","3.50","1.50e-1","6.94e-3","9.38e-5","RNASEL,SYK,STK3,LATS1,ZAP70,TBK1,LATS2,LCK,MAPKAPK2,MAPKAPK5,FYN,PKN2,IKBKE"
"UP_SEQ_FEATURE","DOMAIN:Protein kinase","13","141","504","20669","1.68e-4","1.69e-2","3.78","2.50e-1","1.67e-2","4.27e-5","RNASEL,SYK,STK3,LATS1,ZAP70,TBK1,LATS2,LCK,MAPKAPK2,MAPKAPK5,FYN,PKN2,IKBKE"
"INTERPRO","Prot_kinase_dom","13","142","499","20827","1.53e-4","3.99e-3","3.82","7.02e-2","3.74e-3","3.84e-5","RNASEL,SYK,STK3,LATS1,ZAP70,TBK1,LATS2,LCK,MAPKAPK2,MAPKAPK5,FYN,PKN2,IKBKE"
"KEGG_PATHWAY","Hippo signaling pathway","13","142","157","9496","3.47e-6","2.23e-5","5.54","5.35e-4","1.33e-5","5.80e-7","YWHAE,FBXW11,LIMD1,STK3,SAV1,MOB1B,LATS1,MOB1A,LATS2,YWHAQ,CDH1,CTNNA1,NF2"
"GOTERM_MF_DIRECT","signaling adaptor activity","13","142","84","19272","1.05e-12","6.98e-11","21.00","3.49e-10","6.07e-11","4.32e-14","YWHAE,DDX3X,BCL10,TICAM1,MAVS,AIM2,TRAF4,STING1,NLRP3,FADD,NLRP1,LAT,ARF6"
"GOTERM_BP_DIRECT","pyroptotic inflammatory response","13","142","41","19512","8.19e-17","1.10e-14","43.57","1.50e-13","9.75e-15","1.34e-18","GSDMD,CARD8,NLRC4,MEFV,PYCARD,AIM2,CASP8,CASP4,CASP1,NLRP3,NLRP1,CARD16,NAIP"
"UP_KW_BIOLOGICAL_PROCESS","Cell cycle","12","119","692","11605","9.34e-2","3.63e-1","1.69","9.80e-1","3.08e-1","5.12e-2","LATS1,CYLD,RALA,RALB,LATS2,FBXW11,SIAH1,TXNIP,PIN1,PKN2,BRCC3,ARF6"
"GOTERM_MF_DIRECT","protein homodimerization activity","12","142","740","19272","2.01e-2","1.28e-1","2.20","9.99e-1","1.12e-1","8.66e-3","PYCARD,CD4,FCER1G,STING1,IRF3,CARD8,HSPB1,NOD1,CACYBP,NLRC4,CD247,TXN"
"UP_KW_MOLECULAR_FUNCTION","Protease","12","87","586","12059","2.89e-3","2.68e-2","2.84","1.02e-1","2.24e-2","9.76e-4","CASP9,CYLD,CASP8,CASP5,CASP10,CARD8,CASP4,CASP1,CARD16,BRCC3,NLRP1,CTSD"
"KEGG_PATHWAY","Coronavirus disease - COVID-19","12","142","238","9496","8.15e-4","3.22e-3","3.37","1.18e-1","1.92e-3","2.28e-4","IFIH1,MAVS,TBK1,SYK,STING1,IRF3,IL1B,CASP1,NLRP3,IKBKE,TLR4,TLR3"
"KEGG_PATHWAY","Ras signaling pathway","12","142","238","9496","8.15e-4","3.22e-3","3.37","1.18e-1","1.92e-3","2.28e-4","AFDN,ZAP70,RALBP1,RALA,TBK1,RALB,RGL1,RGL2,LAT,EXOC2,BCL2L1,ARF6"
"GOTERM_MF_DIRECT","signaling receptor binding","12","142","425","19272","2.98e-4","5.47e-3","3.83","9.39e-2","4.76e-3","7.45e-5","BEX3,CD4,FYB1,CD40LG,SYK,TRAF3IP2,LCK,CTNND1,ERBIN,FYN,TLR4,TNFSF13B"
"KEGG_PATHWAY","Necroptosis","12","142","159","9496","2.32e-5","1.23e-4","5.05","3.56e-3","7.35e-5","4.27e-6","PYCARD,CYLD,CASP8,IL1B,CASP1,NLRP3,FADD,CFLAR,TICAM1,BID,TLR4,TLR3"
"UP_SEQ_FEATURE","LIPID:S-palmitoyl cysteine","12","141","304","20669","7.34e-6","1.80e-3","5.79","1.25e-2","1.78e-3","1.21e-6","GSDMD,MAVS,CD4,STING1,LCK,CD8A,CD80,NLRP3,FYN,NOD1,NOD2,LAT"
"GOTERM_BP_DIRECT","response to lipopolysaccharide","12","142","164","19512","3.03e-8","9.08e-7","10.05","4.09e-5","8.03e-7","2.82e-9","CASP9,CASP8,IRF3,IL1B,MAPKAPK2,CASP1,ERBIN,LY96,CARD16,BCL10,TICAM1,TLR4"
"GOTERM_BP_DIRECT","protein maturation","12","142","139","19512","5.38e-9","1.86e-7","11.86","7.24e-6","1.64e-7","4.18e-10","GSDMD,CASP9,AIM2,CASP8,CASP5,CASP10,CARD8,CASP4,CASP1,NLRP3,CARD16,NLRP1"
"GOTERM_BP_DIRECT","T cell receptor signaling pathway","12","142","128","19512","2.24e-9","8.38e-8","12.88","3.02e-6","7.40e-8","1.59e-10","ZAP70,FYB1,CD8B,LCK,CD8A,CBLB,FYN,BCL10,CD247,CD3E,LAT,SKAP1"
"GOTERM_BP_DIRECT","positive regulation of NF-kappaB transcription factor activity","12","142","94","19512","7.83e-11","3.77e-9","17.54","1.05e-7","3.33e-9","3.95e-12","PYCARD,AIM2,CD40LG,DHX33,NLRP3,NOD1,CARD16,BCL10,NLRC4,NOD2,TLR4,CARD11"
"GOTERM_BP_DIRECT","positive regulation of interleukin-8 production","12","142","67","19512","1.72e-12","1.16e-10","24.61","2.32e-9","1.02e-10","5.86e-14","PYCARD,MAVS,SYK,CLEC7A,IL1B,NOD1,CD14,BCL10,FADD,NOD2,TLR4,TLR3"
"GOTERM_CC_DIRECT","endosome","11","142","808","20808","4.84e-2","2.15e-1","1.99","1.00e+0","1.79e-1","2.27e-2","ITCH,STING1,CDH1,ATG16L1,GRAP2,RAPGEF1,FYN,TICAM1,TLR4,TLR3,ARF6"
"GOTERM_BP_DIRECT","cell adhesion","11","142","677","19512","2.53e-2","1.55e-1","2.23","1.00e+0","1.37e-1","1.07e-2","AFDN,CD4,PSTPIP1,CDH1,CTNND1,CTNNA1,ERBIN,DCHS1,PKN2,FAT4,ARF6"
"GOTERM_CC_DIRECT","centrosome","11","142","688","20808","1.89e-2","1.05e-1","2.34","9.90e-1","8.77e-2","7.62e-3","LATS1,CYLD,DDX3X,LATS2,FBXW11,MAPKAPK2,PKN2,RELB,SKP1,STK3,BCL2L1"
"GOTERM_MF_DIRECT","peptidase activity","11","142","544","19272","6.76e-3","5.33e-2","2.74","8.94e-1","4.64e-2","2.35e-3","CASP9,CYLD,CASP8,CASP5,CASP10,CARD8,CASP4,CASP1,BRCC3,NLRP1,CTSD"
"GOTERM_BP_DIRECT","proteasome-mediated ubiquitin-dependent protein catabolic process","11","142","356","19512","2.69e-4","3.48e-3","4.25","3.04e-1","3.07e-3","6.06e-5","YWHAE,ITCH,TRAF4,TBL1XR1,FBXW11,SIAH1,CUL1,FYN,TBL1X,TLR3,SKP1"
"GOTERM_BP_DIRECT","positive regulation of MAPK cascade","11","142","224","19512","5.42e-6","1.01e-4","6.75","7.27e-3","8.95e-5","7.63e-7","ZAP70,CD4,CD40,SYK,DHX33,CLEC7A,LCK,IL1B,NOD2,CD3E,LAT"
"GOTERM_CC_DIRECT","membrane raft","11","142","222","20808","2.85e-6","4.89e-5","7.26","6.84e-4","4.07e-5","3.73e-7","ZAP70,CD4,LCK,CBLB,FYN,CD14,BCL10,CTSD,LAT,CARD11,RHOQ"
"UP_KW_BIOLOGICAL_PROCESS","Antiviral defense","11","119","139","11605","1.42e-6","9.50e-6","7.72","5.70e-5","8.07e-6","1.71e-7","IFIH1,MAVS,ITCH,RNASEL,TBK1,IRF3,IL23A,DHX58,IFNK,IRF7,TICAM1"
"KEGG_PATHWAY","Pertussis","11","142","78","9496","2.01e-7","1.48e-6","9.43","3.10e-5","8.82e-7","1.87e-8","PYCARD,IRF3,IL23A,IL1B,CASP1,NLRP3,LY96,NOD1,CD14,TICAM1,TLR4"
"GOTERM_BP_DIRECT","response to virus","11","142","129","19512","3.33e-8","9.58e-7","11.72","4.49e-5","8.46e-7","2.62e-9","IFIH1,DDX3X,TBK1,BCL3,DHX58,IFNK,IRF7,HSPB1,NLRP3,TLR3,BCL2L1"
"KEGG_PATHWAY","Legionellosis","11","142","56","9496","7.52e-9","5.79e-8","13.14","1.16e-6","3.46e-8","4.74e-10","PYCARD,CASP9,CASP8,APAF1,IL1B,CASP1,CYCS,CD14,NLRC4,TLR4,NAIP"
"GOTERM_BP_DIRECT","positive regulation of type II interferon production","11","142","79","19512","2.65e-10","1.19e-8","19.13","3.57e-7","1.05e-8","1.21e-11","PYCARD,IL1R1,CLEC7A,IL23A,IL1B,BCL3,CD14,FADD,CD3E,TLR4,TLR3"
"GOTERM_MF_DIRECT","pattern recognition receptor activity","11","142","42","19272","3.83e-13","3.17e-11","35.55","1.27e-10","2.76e-11","8.23e-15","PYCARD,IFIH1,CLEC4D,AIM2,CLEC7A,CARD8,NOD1,NLRP1,NOD2,CLEC4E,TLR3"
"GOTERM_BP_DIRECT","activation of innate immune response","11","142","39","19512","1.49e-13","1.26e-11","38.76","2.01e-10","1.11e-11","2.84e-15","PYCARD,MAVS,TBK1,AIM2,IFI16,STING1,CARD8,NLRC4,NLRP1,IKBKE,TLR4"
"UP_KW_MOLECULAR_FUNCTION","Activator","10","87","733","12059","7.68e-2","2.84e-1","1.89","9.48e-1","2.38e-1","3.78e-2","IFI16,IRF3,TBL1XR1,BCL3,IRF7,NLRP3,TP53BP1,TBL1X,TXN,RELB"
"KEGG_PATHWAY","Cytokine-cytokine receptor interaction","10","142","298","9496","3.33e-2","8.84e-2","2.24","9.95e-1","5.28e-2","1.38e-2","CD4,CD40,CD40LG,IL1R1,IL23A,IL1B,IFNK,TNFRSF13C,IL1RAP,TNFSF13B"
"GOTERM_BP_DIRECT","DNA damage response","10","142","584","19512","2.61e-2","1.59e-1","2.35","1.00e+0","1.41e-1","1.05e-2","CASP9,AIM2,IRF3,BCL3,MAPKAPK2,IRF7,BRCC3,TP53BP1,IKBKE,TANK"
"GOTERM_BP_DIRECT","positive regulation of gene expression","10","142","515","19512","1.26e-2","9.46e-2","2.67","1.00e+0","8.35e-2","4.48e-3","AFDN,DDX3X,CLEC7A,LCK,IL1B,BCL3,TICAM1,CD3E,TLR4,TLR3"
"KEGG_PATHWAY","Human cytomegalovirus infection","10","142","227","9496","6.65e-3","2.06e-2","2.95","6.42e-1","1.23e-2","2.12e-3","CASP9,TBK1,CASP8,STING1,IRF3,IL1R1,IL1B,CYCS,FADD,BID"
"KEGG_PATHWAY","Rap1 signaling pathway","10","142","212","9496","4.28e-3","1.37e-2","3.15","4.83e-1","8.20e-3","1.27e-3","AFDN,RALA,FYB1,RALB,CDH1,CTNND1,RAPGEF1,LAT,SKAP1,SIPA1"
"GOTERM_MF_DIRECT","enzyme binding","10","142","420","19272","3.80e-3","3.62e-2","3.23","7.17e-1","3.15e-2","1.12e-3","PYCARD,YWHAE,CD4,CD40,TRAF4,CASP1,FYN,CARD16,NLRP1,NOD2"
"INTERPRO","Protein_kinase_ATP_BS","10","142","390","20827","1.38e-3","2.53e-2","3.76","4.82e-1","2.37e-2","3.51e-4","ZAP70,TBK1,LATS2,SYK,LCK,MAPKAPK2,PKN2,FYN,IKBKE,STK3"
"UP_KW_DISEASE","Tumor suppressor","10","65","188","4888","6.70e-4","1.61e-2","4.00","1.60e-2","1.61e-2","1.58e-4","PYCARD,LATS1,CYLD,AIM2,LATS2,TXNIP,MAPKAPK5,NF2,BCL10,LIMD1"
"INTERPRO","LRR_dom_sf","10","142","340","20827","5.25e-4","1.09e-2","4.31","2.22e-1","1.02e-2","1.17e-4","ERBIN,NLRP3,NOD1,CD14,NLRC4,NLRP1,NOD2,TLR4,TLR3,NAIP"
"GOTERM_CC_DIRECT","endosome membrane","10","142","317","20808","3.18e-4","3.64e-3","4.62","7.35e-2","3.03e-3","6.59e-5","ITCH,ATG16L1,IRF7,LY96,CD14,TICAM1,CTSD,TLR4,TLR3,ARF6"
"KEGG_PATHWAY","Alcoholic liver disease","10","142","144","9496","2.83e-4","1.32e-3","4.64","4.27e-2","7.89e-4","5.67e-5","TBK1,CASP8,IRF3,IL1B,LY96,CD14,FADD,TICAM1,IKBKE,TLR4"
"KEGG_PATHWAY","Apoptosis","10","142","137","9496","1.95e-4","9.37e-4","4.88","2.95e-2","5.60e-4","3.71e-5","CASP9,CASP8,APAF1,CASP10,CYCS,FADD,CFLAR,BID,CTSD,BCL2L1"
"GOTERM_BP_DIRECT","protein phosphorylation","10","142","261","19512","1.20e-4","1.72e-3","5.26","1.50e-1","1.52e-3","2.18e-5","LATS1,ZAP70,RNASEL,TBK1,LATS2,SYK,LCK,PKN2,FYN,STK3"
"KEGG_PATHWAY","Th17 cell differentiation","10","142","109","9496","3.29e-5","1.69e-4","6.14","5.05e-3","1.01e-4","4.92e-6","ZAP70,CD4,IL1R1,IL23A,LCK,IL1B,IL1RAP,CD247,CD3E,LAT"
"GOTERM_CC_DIRECT","midbody","10","142","198","20808","8.46e-6","1.27e-4","7.40","2.03e-3","1.06e-4","1.08e-6","LATS1,CYLD,RALA,RALB,EXOC7,BCL3,CTNND1,PIN1,PKN2,ARF6"
"GOTERM_BP_DIRECT","negative regulation of canonical NF-kappaB signal transduction","10","142","112","19512","1.22e-7","3.21e-6","12.27","1.64e-4","2.84e-6","9.11e-9","PYCARD,CYLD,ITCH,CASP8,FBXW11,CARD8,CUL1,NOD2,AZI2,TANK"
"GOTERM_BP_DIRECT","apoptotic signaling pathway","10","142","85","19512","1.07e-8","3.36e-7","16.17","1.45e-5","2.97e-7","5.95e-10","PYCARD,CASP8,SYK,APAF1,CLEC7A,CYCS,BCL10,FADD,TICAM1,CD3E"
"GOTERM_BP_DIRECT","cellular response to mechanical stimulus","10","142","78","19512","4.96e-9","1.76e-7","17.62","6.69e-6","1.55e-7","2.50e-10","CD40,CASP8,CASP5,IL1B,CASP1,CARD16,BCL10,FADD,TLR4,TLR3"
"KEGG_PATHWAY","Primary immunodeficiency","10","142","38","9496","3.07e-9","2.49e-8","17.60","4.73e-7","1.49e-8","1.34e-10","ZAP70,CD4,CD40,CD40LG,CD8B,LCK,CD8A,TNFRSF13C,CD3E,ICOS"
"GOTERM_BP_DIRECT","type I interferon-mediated signaling pathway","10","142","60","19512","4.49e-10","1.95e-8","22.90","6.05e-7","1.72e-8","1.67e-11","IFIH1,MAVS,TBK1,IRF3,IFNK,IRF7,TBKBP1,AZI2,IKBKE,TANK"
"KEGG_PATHWAY","Hippo signaling pathway - multiple species","10","142","29","9496","2.11e-10","2.32e-9","23.06","3.25e-8","1.39e-9","6.39e-12","MOB1B,LATS1,MOB1A,LATS2,DCHS1,FAT4,NF2,LIMD1,STK3,SAV1"
"GOTERM_BP_DIRECT","positive regulation of interferon-beta production","10","142","45","19512","2.95e-11","1.53e-9","30.54","3.97e-8","1.35e-9","7.76e-13","IFIH1,MAVS,DDX3X,TBK1,STING1,IRF3,IRF7,TICAM1,TLR4,TLR3"
"GOTERM_BP_DIRECT","T cell costimulation","10","142","45","19512","2.95e-11","1.53e-9","30.54","3.97e-8","1.35e-9","7.76e-13","CD86,CD40LG,LCK,CD80,FYN,TNFRSF13C,CD3E,ICOS,CARD11,TNFSF13B"
"GOTERM_BP_DIRECT","cytoplasmic pattern recognition receptor signaling pathway","10","142","34","19512","1.87e-12","1.20e-10","40.41","2.52e-9","1.06e-10","3.42e-14","IFIH1,YWHAE,MAVS,ITCH,DDX3X,TBK1,STING1,IRF3,DHX58,IRF7"
"UP_KW_CELLULAR_COMPONENT","Inflammasome","10","130","13","18195","2.37e-17","5.70e-16","107.66","5.70e-16","4.75e-16","6.83e-20","GSDMD,PYCARD,DDX3X,AIM2,DHX33,CARD8,CASP4,NLRP3,NLRC4,NLRP1"
"UP_SEQ_FEATURE","DOMAIN:Ig-like","9","141","676","20669","8.90e-2","1.00e+0","1.95","1.00e+0","9.88e-1","4.23e-2","CD86,CD4,CD8B,IL1R1,CD8A,CD80,FCER1A,IL1RAP,CD3E"
"KEGG_PATHWAY","MAPK signaling pathway","9","142","300","9496","7.81e-2","1.69e-1","2.01","1.00e+0","1.01e-1","3.59e-2","IL1R1,IL1B,MAPKAPK2,HSPB1,MAPKAPK5,CD14,IL1RAP,RELB,STK3"
"GOTERM_CC_DIRECT","glutamatergic synapse","9","142","594","20808","4.94e-2","2.16e-1","2.22","1.00e+0","1.80e-1","2.08e-2","LATS1,CDH1,ATG16L1,ERBIN,PIN1,CBLB,FYN,IL1RAP,ARF6"
"GOTERM_BP_DIRECT","protein ubiquitination","9","142","550","19512","4.65e-2","2.43e-1","2.25","1.00e+0","2.14e-1","1.94e-2","ITCH,RNF125,TRAF3IP2,FBXW11,SIAH1,CUL1,CBLB,FYN,SKP1"
"GOTERM_BP_DIRECT","negative regulation of apoptotic process","9","142","543","19512","4.37e-2","2.29e-1","2.28","1.00e+0","2.02e-1","1.80e-2","ITCH,DDX3X,CD40LG,BCL3,CTNNA1,HSPB1,CFLAR,NAIP,BCL2L1"
"SMART","S_TKc","9","107","364","10704","2.78e-2","2.23e-1","2.47","9.17e-1","2.02e-1","1.06e-2","LATS1,RNASEL,TBK1,LATS2,MAPKAPK2,PKN2,MAPKAPK5,IKBKE,STK3"
"GOTERM_MF_DIRECT","protein serine/threonine kinase activity","9","142","423","19272","1.27e-2","8.95e-2","2.89","9.86e-1","7.79e-2","4.17e-3","LATS1,TBK1,LATS2,SYK,MAPKAPK2,PKN2,MAPKAPK5,IKBKE,STK3"
"UP_KW_CELLULAR_COMPONENT","Cell junction","9","130","425","18195","1.09e-2","4.35e-2","2.96","2.31e-1","3.63e-2","3.49e-3","AFDN,FYB1,TRAF4,CDH1,CTNND1,CTNNA1,ERBIN,PKN2,LIMD1"
"GOTERM_CC_DIRECT","anchoring junction","9","142","423","20808","8.28e-3","5.37e-2","3.12","8.64e-1","4.48e-2","2.53e-3","AFDN,FYB1,TRAF4,CDH1,CTNND1,CTNNA1,ERBIN,PKN2,LIMD1"
"GOTERM_MF_DIRECT","signaling receptor activity","9","142","339","19272","3.53e-3","3.62e-2","3.60","6.90e-1","3.15e-2","9.34e-4","CD86,CD4,CD40,TNFRSF13C,IL1RAP,ICOS,CLEC4E,TLR4,TLR3"
"KEGG_PATHWAY","Cell adhesion molecules","9","142","160","9496","2.60e-3","9.09e-3","3.76","3.30e-1","5.43e-3","6.46e-4","CD86,CD4,CD40,CD40LG,CD8B,CDH1,CD8A,CD80,ICOS"
"GOTERM_CC_DIRECT","early endosome","9","142","347","20808","2.56e-3","1.92e-2","3.80","4.60e-1","1.60e-2","6.44e-4","ITCH,CD4,SIAH1,RAPGEF1,NF2,TICAM1,TLR4,TLR3,ARF6"
"UP_KW_DOMAIN","Leucine-rich repeat","9","102","321","14656","1.68e-3","3.36e-2","4.03","3.31e-2","2.69e-2","3.98e-4","ERBIN,NLRP3,NOD1,CD14,NLRC4,NLRP1,NOD2,TLR4,TLR3"
"UP_SEQ_FEATURE","REPEAT:LRR 1","9","141","289","20669","8.06e-4","5.32e-2","4.57","7.50e-1","5.26e-2","1.69e-4","ERBIN,NLRP3,NOD1,CD14,NLRC4,NLRP1,NOD2,TLR4,TLR3"
"UP_SEQ_FEATURE","REPEAT:LRR 2","9","141","286","20669","7.53e-4","5.17e-2","4.61","7.26e-1","5.11e-2","1.56e-4","ERBIN,NLRP3,NOD1,CD14,NLRC4,NLRP1,NOD2,TLR4,TLR3"
"UP_SEQ_FEATURE","REPEAT:LRR 3","9","141","277","20669","6.12e-4","4.38e-2","4.76","6.50e-1","4.32e-2","1.23e-4","ERBIN,NLRP3,NOD1,CD14,NLRC4,NLRP1,NOD2,TLR4,TLR3"
"UP_SEQ_FEATURE","REPEAT:LRR 4","9","141","264","20669","4.46e-4","3.48e-2","5.00","5.35e-1","3.44e-2","8.52e-5","ERBIN,NLRP3,NOD1,CD14,NLRC4,NLRP1,NOD2,TLR4,TLR3"
"UP_SEQ_FEATURE","REPEAT:LRR 5","9","141","262","20669","4.24e-4","3.47e-2","5.04","5.17e-1","3.42e-2","8.04e-5","ERBIN,NLRP3,NOD1,CD14,NLRC4,NLRP1,NOD2,TLR4,TLR3"
"KEGG_PATHWAY","TNF signaling pathway","9","142","119","9496","3.80e-4","1.67e-3","5.06","5.68e-2","9.98e-4","6.96e-5","CYLD,ITCH,CASP8,CASP10,IL1B,BCL3,FADD,CFLAR,NOD2"
"UP_SEQ_FEATURE","REPEAT:LRR 6","9","141","231","20669","1.82e-4","1.73e-2","5.71","2.68e-1","1.71e-2","3.03e-5","ERBIN,NLRP3,NOD1,CD14,NLRC4,NLRP1,NOD2,TLR4,TLR3"
"GOTERM_BP_DIRECT","defense response","9","142","173","19512","3.77e-5","6.05e-4","7.15","4.95e-2","5.34e-4","5.00e-6","CD40,IFNK,NLRP3,NOD1,LSP1,NOD2,CLEC1B,TLR4,TLR3"
"KEGG_PATHWAY","Viral myocarditis","9","142","70","9496","8.41e-6","4.80e-5","8.60","1.29e-3","2.87e-5","8.69e-7","CASP9,CD86,CD40,CASP8,CD40LG,CD80,CYCS,FYN,BID"
"GOTERM_BP_DIRECT","protein homooligomerization","9","142","132","19512","5.28e-6","1.00e-4","9.37","7.09e-3","8.85e-5","5.27e-7","GSDMD,PYCARD,CARD8,NLRP3,BCL10,NLRC4,TP53BP1,NLRP1,CARD11"
"GOTERM_BP_DIRECT","positive regulation of JNK cascade","9","142","104","19512","8.75e-7","1.87e-5","11.89","1.18e-3","1.65e-5","6.78e-8","PYCARD,TRAF4,IL1B,NOD1,NOD2,TLR4,TLR3,NAIP,STK3"
"GOTERM_BP_DIRECT","positive regulation of cytokine production","9","142","85","19512","1.83e-7","4.75e-6","14.55","2.47e-4","4.20e-6","1.14e-8","SYK,IFI16,IRF3,IL1B,NOD1,CD14,BCL10,FADD,CLEC4E"
"GOTERM_BP_DIRECT","antiviral innate immune response","9","142","80","19512","1.14e-7","3.07e-6","15.46","1.53e-4","2.71e-6","6.64e-9","IFIH1,MAVS,TBK1,STING1,IRF3,CARD8,DHX58,CUL1,NLRP1"
"GOTERM_BP_DIRECT","positive regulation of T cell proliferation","9","142","67","19512","2.77e-8","8.49e-7","18.46","3.73e-5","7.50e-7","1.33e-9","CD86,CD4,CD40LG,IL23A,IL1B,CD80,TNFRSF13C,CD3E,TNFSF13B"
"GOTERM_MF_DIRECT","cysteine-type endopeptidase activity","9","142","66","19272","2.70e-8","9.93e-7","18.51","8.94e-6","8.64e-7","1.28e-9","CASP9,CASP8,CASP5,CASP10,CASP4,CASP1,CARD16,CFLAR,CTSD"
"GOTERM_BP_DIRECT","intrinsic apoptotic signaling pathway","9","142","47","19512","1.51e-9","5.81e-8","26.31","2.03e-6","5.13e-8","4.78e-11","PYCARD,CASP9,DDX3X,APAF1,CARD8,CASP4,CUL1,CYCS,NLRP1"
"GOTERM_BP_DIRECT","positive regulation of interleukin-10 production","9","142","43","19512","7.13e-10","3.00e-8","28.76","9.61e-7","2.65e-8","2.03e-11","PYCARD,FCER1G,CD40LG,SYK,CLEC7A,IL23A,BCL3,NOD2,TLR4"
"GOTERM_BP_DIRECT","hippo signaling","9","142","28","19512","1.67e-11","9.40e-10","44.17","2.26e-8","8.30e-10","2.72e-13","MOB1B,LATS1,YWHAE,MOB1A,LATS2,DCHS1,FAT4,STK3,SAV1"
"GOTERM_MF_DIRECT","CARD domain binding","9","142","15","19272","4.14e-14","4.57e-12","81.43","1.37e-11","3.97e-12","2.38e-16","MAVS,CARD8,CASP4,CASP1,NOD1,CARD16,BCL10,NOD2,CARD11"
"GOTERM_CC_DIRECT","NLRP3 inflammasome complex","9","142","10","20808","1.62e-16","9.69e-15","131.88","2.66e-14","8.08e-15","2.47e-19","GSDMD,PYCARD,DDX3X,DHX33,CARD8,CASP1,NLRP3,CARD16,NLRP1"
"INTERPRO","Ig_sub","8","142","528","20827","6.80e-2","3.09e-1","2.22","1.00e+0","2.89e-1","2.85e-2","CD86,CD4,CD8B,IL1R1,CD8A,CD80,FCER1A,IL1RAP"
"KEGG_PATHWAY","Human T-cell leukemia virus 1 infection","8","142","224","9496","4.92e-2","1.17e-1","2.39","1.00e+0","6.99e-2","1.91e-2","CD4,CD40,IL1R1,LCK,TNFRSF13C,CD3E,RELB,BCL2L1"
"UP_KW_DOMAIN","Signal-anchor","8","102","472","14656","4.45e-2","1.48e-1","2.44","5.97e-1","1.19e-1","1.71e-2","CLEC4D,CD40LG,CLEC7A,TNFRSF13C,CLEC1B,CLEC4E,LAT,TNFSF13B"
"KEGG_PATHWAY","Viral carcinogenesis","8","142","205","9496","3.30e-2","8.84e-2","2.61","9.94e-1","5.28e-2","1.17e-2","YWHAE,DDX3X,CASP8,SYK,YWHAQ,IRF3,MAPKAPK2,IRF7"
"GOTERM_CC_DIRECT","focal adhesion","8","142","438","20808","2.99e-2","1.49e-1","2.68","9.99e-1","1.24e-1","1.05e-2","YWHAE,RALA,YWHAQ,CTNNA1,HSPB1,LIMD1,TNFSF13B,ARF6"
"UP_KW_MOLECULAR_FUNCTION","Serine/threonine-protein kinase","8","87","398","12059","2.33e-2","1.44e-1","2.79","5.83e-1","1.21e-1","7.91e-3","LATS1,TBK1,LATS2,MAPKAPK2,PKN2,MAPKAPK5,IKBKE,STK3"
"GOTERM_MF_DIRECT","protein-containing complex binding","8","142","377","19272","2.11e-2","1.32e-1","2.88","9.99e-1","1.15e-1","6.91e-3","CASP8,CTNNA1,FYN,NOD1,BCL10,FADD,CFLAR,NOD2"
"GOTERM_MF_DIRECT","cadherin binding","8","142","319","19272","9.15e-3","6.81e-2","3.40","9.52e-1","5.93e-2","2.55e-3","YWHAE,AFDN,DDX3X,CDH1,CTNND1,CTNNA1,DCHS1,PKN2"
"KEGG_PATHWAY","Phospholipase D signaling pathway","8","142","149","9496","6.69e-3","2.06e-2","3.59","6.44e-1","1.23e-2","1.74e-3","RALA,RALB,FCER1G,SYK,FCER1A,FYN,MS4A2,ARF6"
"UP_KW_PTM","Zymogen","8","133","227","14452","4.83e-3","1.37e-2","3.83","7.45e-2","1.21e-2","1.19e-3","CASP9,CASP8,CASP5,CASP10,CASP4,CASP1,CARD16,CTSD"
"GOTERM_MF_DIRECT","transmembrane signaling receptor activity","8","142","268","19272","3.62e-3","3.62e-2","4.05","6.99e-1","3.15e-2","8.50e-4","CD4,FCER1G,IL1R1,CD247,CLEC1B,CD3E,TLR4,TLR3"
"INTERPRO","Leu-rich_rpt","8","142","268","20827","2.36e-3","3.89e-2","4.38","6.77e-1","3.64e-2","5.15e-4","ERBIN,NLRP3,NOD1,CD14,NLRP1,NOD2,TLR4,TLR3"
"KEGG_PATHWAY","Natural killer cell mediated cytotoxicity","8","142","117","9496","1.75e-3","6.26e-3","4.57","2.36e-1","3.74e-3","3.55e-4","ZAP70,FCER1G,SYK,LCK,FYN,CD247,BID,LAT"
"GOTERM_MF_DIRECT","protein domain specific binding","8","142","233","19272","1.66e-3","1.96e-2","4.66","4.22e-1","1.70e-2","3.38e-4","YWHAE,CD40,YWHAQ,IRF3,IL1B,CACYBP,NLRP1,SKP1"
"KEGG_PATHWAY","Toxoplasmosis","8","142","112","9496","1.36e-3","4.98e-3","4.78","1.89e-1","2.97e-3","2.64e-4","CASP9,CD40,CASP8,CD40LG,LY96,CYCS,TLR4,BCL2L1"
"GOTERM_MF_DIRECT","protein-macromolecule adaptor activity","8","142","220","19272","1.19e-3","1.58e-2","4.94","3.26e-1","1.37e-2","2.30e-4","MAVS,SIKE1,EXOC7,BCL3,CUL1,NLRP3,BCL10,FADD"
"KEGG_PATHWAY","Chagas disease","8","142","103","9496","8.29e-4","3.22e-3","5.19","1.20e-1","1.92e-3","1.48e-4","CASP8,IL1B,FADD,CFLAR,CD247,TICAM1,CD3E,TLR4"
"GOTERM_BP_DIRECT","positive regulation of ERK1 and ERK2 cascade","8","142","207","19512","7.79e-4","8.53e-3","5.31","6.50e-1","7.53e-3","1.40e-4","PYCARD,CD4,IL1B,RAPGEF1,NOD1,CFLAR,NOD2,TLR4"
"GOTERM_CC_DIRECT","cell-cell junction","8","142","208","20808","5.50e-4","5.21e-3","5.64","1.24e-1","4.34e-3","9.30e-5","AFDN,ZAP70,LCK,CTNND1,CTNNA1,CD3E,LAT,SKAP1"
"UP_SEQ_FEATURE","REPEAT:LRR 7","8","141","206","20669","5.18e-4","3.87e-2","5.69","5.89e-1","3.82e-2","8.67e-5","ERBIN,NLRP3,NOD1,CD14,NLRC4,NOD2,TLR4,TLR3"
"GOTERM_CC_DIRECT","lamellipodium","8","142","195","20808","3.74e-4","4.08e-3","6.01","8.59e-2","3.40e-3","5.92e-5","PSTPIP1,DDX3X,CASP8,CDH1,CTNNA1,PKN2,NF2,MEFV"
"KEGG_PATHWAY","PD-L1 expression and PD-1 checkpoint pathway in cancer","8","142","90","9496","3.67e-4","1.66e-3","5.94","5.49e-2","9.93e-4","5.66e-5","ZAP70,CD4,LCK,CD247,TICAM1,CD3E,TLR4,LAT"
"UP_KW_MOLECULAR_FUNCTION","Thiol protease","8","87","178","12059","2.73e-4","9.17e-3","6.23","1.01e-2","7.68e-3","4.17e-5","CASP9,CYLD,CASP8,CASP5,CASP10,CASP4,CASP1,CARD16"
"UP_SEQ_FEATURE","REPEAT:LRR 8","8","141","175","20669","1.93e-4","1.75e-2","6.70","2.82e-1","1.72e-2","2.74e-5","ERBIN,NLRP3,NOD1,CD14,NLRC4,NOD2,TLR4,TLR3"
"GOTERM_MF_DIRECT","cysteine-type peptidase activity","8","142","155","19272","1.46e-4","3.02e-3","7.00","4.72e-2","2.63e-3","1.97e-5","CASP9,CYLD,CASP8,CASP5,CASP10,CASP4,CASP1,CFLAR"
"UP_SEQ_FEATURE","REPEAT:LRR 9","8","141","159","20669","1.07e-4","1.46e-2","7.38","1.67e-1","1.44e-2","1.37e-5","ERBIN,NLRP3,NOD1,CD14,NLRC4,NOD2,TLR4,TLR3"
"GOTERM_CC_DIRECT","T cell receptor complex","8","142","155","20808","9.12e-5","1.22e-3","7.56","2.16e-2","1.01e-3","1.14e-5","ZAP70,CD4,SYK,CD8B,CD8A,CD247,CD3E,SKAP1"
"GOTERM_BP_DIRECT","Ras protein signal transduction","8","142","79","19512","1.66e-6","3.45e-5","13.91","2.24e-3","3.05e-5","1.09e-7","RALA,RALB,GRAP2,RAPGEF1,MAPKAPK5,RGL1,RGL2,LAT"
"GOTERM_BP_DIRECT","positive regulation of non-canonical NF-kappaB signal transduction","8","142","67","19512","5.37e-7","1.24e-5","16.41","7.23e-4","1.09e-5","2.93e-8","PYCARD,CD86,DDX3X,IL23A,IL1B,NLRP3,NOD1,NOD2"
"GOTERM_BP_DIRECT","positive regulation of cytokine production involved in inflammatory response","8","142","38","19512","9.27e-9","2.97e-7","28.93","1.25e-5","2.63e-7","2.62e-10","TBK1,STING1,IRF3,CLEC7A,NOD2,TICAM1,TLR4,TLR3"
"GOTERM_BP_DIRECT","positive regulation of NLRP3 inflammasome complex assembly","8","142","34","19512","4.05e-9","1.47e-7","32.33","5.45e-6","1.30e-7","9.98e-11","LATS1,MAVS,DDX3X,LATS2,DHX33,NLRP3,BRCC3,TLR4"
"GOTERM_BP_DIRECT","positive regulation of interferon-alpha production","8","142","29","19512","1.21e-9","4.80e-8","37.91","1.63e-6","4.24e-8","2.43e-11","IFIH1,MAVS,DDX3X,TBK1,IRF3,IRF7,TLR4,TLR3"
"SMART","CASc","8","107","14","10704","2.48e-11","2.18e-9","57.16","2.18e-9","1.98e-9","2.18e-13","CASP9,CASP8,CASP5,CASP10,CASP4,CASP1,CARD16,CFLAR"
"INTERPRO","Caspase-like_dom_sf","8","142","15","20827","3.45e-12","2.74e-10","78.22","1.65e-9","2.57e-10","2.36e-14","CASP9,CASP8,CASP5,CASP10,CASP4,CASP1,CARD16,CFLAR"
"INTERPRO","Pept_C14_caspase","8","142","15","20827","3.45e-12","2.74e-10","78.22","1.65e-9","2.57e-10","2.36e-14","CASP9,CASP8,CASP5,CASP10,CASP4,CASP1,CARD16,CFLAR"
"INTERPRO","Pept_C14_p20","8","142","15","20827","3.45e-12","2.74e-10","78.22","1.65e-9","2.57e-10","2.36e-14","CASP9,CASP8,CASP5,CASP10,CASP4,CASP1,CARD16,CFLAR"
"INTERPRO","Pept_C14A","8","142","14","20827","1.85e-12","2.74e-10","83.81","8.83e-10","2.57e-10","1.11e-14","CASP9,CASP8,CASP5,CASP10,CASP4,CASP1,CARD16,CFLAR"
"GOTERM_BP_DIRECT","cell division","7","142","433","19512","9.44e-2","3.69e-1","2.22","1.00e+0","3.26e-1","3.93e-2","LATS1,RALA,RALB,LATS2,PKN2,BRCC3,ARF6"
"GOTERM_MF_DIRECT","ubiquitin protein ligase activity","7","142","383","19272","6.27e-2","2.92e-1","2.48","1.00e+0","2.54e-1","2.35e-2","ITCH,RNF125,TRAF3IP2,FBXW11,SIAH1,CBLB,MEFV"
"GOTERM_MF_DIRECT","protein serine kinase activity","7","142","365","19272","5.20e-2","2.57e-1","2.60","1.00e+0","2.23e-1","1.87e-2","LATS1,TBK1,LATS2,MAPKAPK2,PKN2,MAPKAPK5,STK3"
"GOTERM_MF_DIRECT","GTPase activity","7","142","364","19272","5.14e-2","2.57e-1","2.61","1.00e+0","2.23e-1","1.84e-2","RALA,DDX3X,RALB,MFN1,MFN2,RHOQ,ARF6"
"KEGG_PATHWAY","Wnt signaling pathway","7","142","174","9496","4.49e-2","1.13e-1","2.69","9.99e-1","6.78e-2","1.55e-2","TBL1XR1,FBXW11,SIAH1,CUL1,CACYBP,TBL1X,SKP1"
"KEGG_PATHWAY","Osteoclast differentiation","7","142","143","9496","1.96e-2","5.55e-2","3.27","9.53e-1","3.32e-2","5.57e-3","CYLD,SYK,IL1R1,LCK,IL1B,FYN,RELB"
"SMART","SH3","7","107","208","10704","1.71e-2","1.76e-1","3.37","7.82e-1","1.60e-1","4.79e-3","PSTPIP1,FYB1,LCK,GRAP2,TRIP10,FYN,SKAP1"
"GOTERM_BP_DIRECT","cell-cell adhesion","7","142","225","19512","5.93e-3","4.87e-2","4.27","1.00e+0","4.31e-2","1.32e-3","CDH1,CTNND1,CTNNA1,RAPGEF1,DCHS1,FAT4,ICOS"
"GOTERM_CC_DIRECT","mitochondrial outer membrane","7","142","233","20808","5.17e-3","3.55e-2","4.40","7.12e-1","2.95e-2","1.12e-3","MAVS,CASP8,STING1,MFN1,MFN2,BID,BCL2L1"
"UP_KW_DOMAIN","SH3 domain","7","102","229","14656","5.03e-3","4.54e-2","4.39","9.60e-2","3.63e-2","1.09e-3","PSTPIP1,FYB1,LCK,GRAP2,TRIP10,FYN,SKAP1"
"GOTERM_BP_DIRECT","positive regulation of phosphatidylinositol 3-kinase/protein kinase B signal transduction","7","142","217","19512","4.99e-3","4.26e-2","4.43","9.99e-1","3.76e-2","1.07e-3","TBK1,IL1R1,IL1B,FYN,TXN,RGL2,STK3"
"INTERPRO","SH3_domain","7","142","229","20827","4.74e-3","6.65e-2","4.48","8.96e-1","6.23e-2","1.00e-3","PSTPIP1,FYB1,LCK,GRAP2,TRIP10,FYN,SKAP1"
"INTERPRO","SH3-like_dom_sf","7","142","220","20827","3.90e-3","5.68e-2","4.67","8.45e-1","5.32e-2","7.95e-4","PSTPIP1,FYB1,LCK,GRAP2,TRIP10,FYN,SKAP1"
"KEGG_PATHWAY","Hematopoietic cell lineage","7","142","100","9496","3.66e-3","1.20e-2","4.68","4.32e-1","7.17e-3","7.25e-4","CD4,CD8B,IL1R1,CD8A,IL1B,CD14,CD3E"
"UP_SEQ_FEATURE","DOMAIN:SH3","7","141","217","20669","3.66e-3","2.19e-1","4.73","9.98e-1","2.16e-1","7.35e-4","PSTPIP1,FYB1,LCK,GRAP2,TRIP10,FYN,SKAP1"
"KEGG_PATHWAY","IL-17 signaling pathway","7","142","95","9496","2.84e-3","9.71e-3","4.93","3.54e-1","5.80e-3","5.32e-4","TBK1,CASP8,TRAF4,TRAF3IP2,IL1B,FADD,IKBKE"
"GOTERM_CC_DIRECT","adherens junction","7","142","198","20808","2.33e-3","1.80e-2","5.18","4.29e-1","1.50e-2","4.28e-4","AFDN,CDH1,CTNND1,CTNNA1,FAT4,NF2,LIMD1"
"KEGG_PATHWAY","Platinum drug resistance","7","142","75","9496","8.37e-4","3.22e-3","6.24","1.21e-1","1.92e-3","1.23e-4","CASP9,CASP8,APAF1,CYCS,FADD,BID,BCL2L1"
"KEGG_PATHWAY","p53 signaling pathway","7","142","75","9496","8.37e-4","3.22e-3","6.24","1.21e-1","1.92e-3","1.23e-4","CASP9,CASP8,APAF1,SIAH1,CYCS,BID,BCL2L1"
"GOTERM_BP_DIRECT","defense response to Gram-positive bacterium","7","142","143","19512","6.07e-4","7.05e-3","6.73","5.59e-1","6.23e-3","8.55e-5","GSDMD,PYCARD,TBK1,IL1B,CASP4,NLRP3,NOD1"
"GOTERM_BP_DIRECT","cell surface receptor protein tyrosine kinase signaling pathway","7","142","125","19512","2.97e-4","3.77e-3","7.69","3.29e-1","3.33e-3","3.64e-5","CD4,CD8B,LCK,CD8A,RAPGEF1,FYN,CD3E"
"GOTERM_BP_DIRECT","integrin-mediated signaling pathway","7","142","114","19512","1.80e-4","2.40e-3","8.44","2.15e-1","2.12e-3","2.00e-5","FYB1,FCER1G,CD40LG,SYK,CTNNA1,ERBIN,LAT"
"KEGG_PATHWAY","Intestinal immune network for IgA production","7","142","50","9496","8.94e-5","4.44e-4","9.36","1.37e-2","2.65e-4","8.42e-6","CD86,CD40,CD40LG,CD80,TNFRSF13C,ICOS,TNFSF13B"
"GOTERM_BP_DIRECT","cellular response to virus","7","142","96","19512","6.96e-5","1.06e-3","10.02","8.95e-2","9.41e-4","6.47e-6","IFIH1,DDX3X,IRF3,IFNK,NLRP3,IKBKE,TLR3"
"GOTERM_BP_DIRECT","positive regulation of autophagy","7","142","92","19512","5.48e-5","8.58e-4","10.45","7.12e-2","7.58e-4","4.87e-6","TBK1,SYK,ATG16L1,CUL1,NOD1,MEFV,TICAM1"
"KEGG_PATHWAY","Apoptosis - multiple species","7","142","32","9496","6.35e-6","3.84e-5","14.63","9.78e-4","2.29e-5","3.55e-7","CASP9,CASP8,APAF1,CYCS,FADD,BID,BCL2L1"
"GOTERM_MF_DIRECT","coreceptor activity","7","142","62","19272","6.05e-6","1.55e-4","15.32","2.00e-3","1.34e-4","3.56e-7","CD86,CD4,CD8B,CD8A,CD80,LY96,IL1RAP"
"GOTERM_BP_DIRECT","canonical NF-kappaB signal transduction","7","142","62","19512","5.64e-6","1.04e-4","15.51","7.57e-3","9.20e-5","3.28e-7","CYLD,TBK1,BCL3,NOD2,TLR4,CARD11,RELB"
"GOTERM_BP_DIRECT","regulation of immune response","7","142","51","19512","1.76e-6","3.60e-5","18.86","2.37e-3","3.18e-5","8.26e-8","CD40,FCER1G,SYK,CD8B,IRF7,CARD11,TNFSF13B"
"GOTERM_CC_DIRECT","immunological synapse","7","142","48","20808","8.45e-7","1.84e-5","21.37","2.03e-4","1.54e-5","3.46e-8","ZAP70,LCK,BCL10,CD3E,LAT,CARD11,SKAP1"
"GOTERM_BP_DIRECT","positive regulation of interleukin-12 production","7","142","44","19512","7.21e-7","1.59e-5","21.86","9.70e-4","1.41e-5","2.85e-8","CD40,CD40LG,SYK,CLEC7A,IL23A,TLR4,TLR3"
"GOTERM_BP_DIRECT","extrinsic apoptotic signaling pathway via death domain receptors","7","142","42","19512","5.42e-7","1.24e-5","22.90","7.30e-4","1.09e-5","2.03e-8","BEX3,DDX3X,CASP8,FADD,CFLAR,BID,STK3"
"GOTERM_BP_DIRECT","toll-like receptor 4 signaling pathway","7","142","41","19512","4.67e-7","1.12e-5","23.46","6.29e-4","9.93e-6","1.70e-8","YWHAE,TBK1,IRF3,LY96,CD14,TICAM1,TLR4"
"GOTERM_BP_DIRECT","positive regulation of extrinsic apoptotic signaling pathway","7","142","39","19512","3.43e-7","8.40e-6","24.66","4.62e-4","7.42e-6","1.18e-8","PYCARD,CYLD,CD40LG,BCL10,FADD,BID,TLR4"
"GOTERM_BP_DIRECT","positive regulation of interleukin-2 production","7","142","37","19512","2.47e-7","6.29e-6","26.00","3.33e-4","5.55e-6","7.99e-9","CD86,CD4,CLEC7A,IL1B,CD80,CD3E,CARD11"
"GOTERM_BP_DIRECT","positive regulation of interleukin-4 production","7","142","27","19512","3.34e-8","9.58e-7","35.62","4.50e-5","8.46e-7","7.33e-10","CD86,FCER1G,CD40LG,SYK,NLRP3,IL1RAP,CD3E"
"GOTERM_BP_DIRECT","NLRP3 inflammasome complex assembly","7","142","22","19512","8.68e-9","2.85e-7","43.72","1.17e-5","2.52e-7","1.45e-10","GSDMD,PYCARD,LATS1,MAVS,CASP4,NLRP3,BRCC3"
"GOTERM_BP_DIRECT","positive regulation of type I interferon-mediated signaling pathway","7","142","21","19512","6.35e-9","2.14e-7","45.80","8.55e-6","1.89e-7","9.95e-11","MAVS,TBK1,STING1,IRF3,IRF7,FADD,IKBKE"
"INTERPRO","Pept_C14_p10","7","142","13","20827","1.43e-10","7.57e-9","78.98","6.81e-8","7.09e-9","9.78e-13","CASP9,CASP8,CASP5,CASP10,CASP4,CASP1,CARD16"
"INTERPRO","Caspase_cys_AS","7","142","13","20827","1.43e-10","7.57e-9","78.98","6.81e-8","7.09e-9","9.78e-13","CASP9,CASP8,CASP5,CASP10,CASP4,CASP1,CARD16"
"UP_SEQ_FEATURE","DOMAIN:Caspase family p10","7","141","11","20669","3.90e-11","3.34e-8","93.28","6.69e-8","3.30e-8","1.91e-13","CASP9,CASP8,CASP5,CASP10,CASP4,CASP1,CARD16"
"INTERPRO","Caspase_his_AS","7","142","11","20827","3.89e-11","2.65e-9","93.33","1.85e-8","2.48e-9","1.90e-13","CASP9,CASP8,CASP5,CASP10,CASP4,CASP1,CARD16"
"GOTERM_CC_DIRECT","ciliary basal body","6","142","343","20808","8.43e-2","3.22e-1","2.56","1.00e+0","2.69e-1","3.05e-2","CYLD,STING1,BCL3,CTNND1,MAPKAPK2,PIN1"
"KEGG_PATHWAY","Ubiquitin mediated proteolysis","6","142","142","9496","6.01e-2","1.38e-1","2.83","1.00e+0","8.26e-2","1.96e-2","ITCH,FBXW11,SIAH1,CUL1,CBLB,SKP1"
"GOTERM_BP_DIRECT","gene expression","6","142","282","19512","5.41e-2","2.62e-1","2.92","1.00e+0","2.32e-1","1.73e-2","TRAF3IP2,DCHS1,FYN,IKBKE,TLR4,LAT"
"KEGG_PATHWAY","Sphingolipid signaling pathway","6","142","122","9496","3.50e-2","9.14e-2","3.29","9.96e-1","5.46e-2","9.86e-3","FCER1G,FCER1A,FYN,BID,MS4A2,CTSD"
"GOTERM_CC_DIRECT","mitochondrial membrane","6","142","247","20808","2.66e-2","1.36e-1","3.56","9.98e-1","1.13e-1","7.05e-3","GSDMD,YWHAE,MAVS,BID,IKBKE,BCL2L1"
"KEGG_PATHWAY","Rheumatoid arthritis","6","142","95","9496","1.34e-2","3.89e-2","4.22","8.75e-1","2.33e-2","2.94e-3","CD86,IL23A,IL1B,CD80,TLR4,TNFSF13B"
"KEGG_PATHWAY","Th1 and Th2 cell differentiation","6","142","93","9496","1.23e-2","3.72e-2","4.31","8.51e-1","2.22e-2","2.64e-3","ZAP70,CD4,LCK,CD247,CD3E,LAT"
"UP_KW_CELLULAR_COMPONENT","Mitochondrion outer membrane","6","130","166","18195","6.61e-3","3.96e-2","5.06","1.47e-1","3.30e-2","1.24e-3","MAVS,STING1,MFN1,MFN2,BID,BCL2L1"
"GOTERM_BP_DIRECT","protein polyubiquitination","6","142","162","19512","6.49e-3","5.26e-2","5.09","1.00e+0","4.65e-2","1.21e-3","ITCH,RNF125,TRAF3IP2,FBXW11,CUL1,SKP1"
"GOTERM_BP_DIRECT","protein localization to plasma membrane","6","142","156","19512","5.54e-3","4.60e-2","5.28","9.99e-1","4.07e-2","9.93e-4","FYB1,FCER1G,CDH1,DCHS1,SKAP1,ARF6"
"GOTERM_BP_DIRECT","negative regulation of canonical Wnt signaling pathway","6","142","156","19512","5.54e-3","4.60e-2","5.28","9.99e-1","4.07e-2","9.93e-4","LATS1,CYLD,LATS2,RAPGEF1,LIMD1,STK3"
"GOTERM_BP_DIRECT","response to bacterium","6","142","143","19512","3.84e-3","3.45e-2","5.77","9.94e-1","3.05e-2","6.31e-4","PYCARD,CD40,IRF3,DHX58,CD14,TLR4"
"KEGG_PATHWAY","Fc epsilon RI signaling pathway","6","142","69","9496","3.53e-3","1.18e-2","5.82","4.20e-1","7.05e-3","5.56e-4","FCER1G,SYK,FCER1A,FYN,MS4A2,LAT"
"GOTERM_BP_DIRECT","small GTPase-mediated signal transduction","6","142","133","19512","2.81e-3","2.61e-2","6.20","9.78e-1","2.31e-2","4.30e-4","RALBP1,YWHAQ,RAPGEF1,RGL1,RGL2,RHOQ"
"UP_SEQ_FEATURE","DOMAIN:Ig-like V-type","6","141","139","20669","2.59e-3","1.64e-1","6.33","9.88e-1","1.62e-1","3.86e-4","CD86,CD4,CD8B,CD8A,CD80,ICOS"
"GOTERM_MF_DIRECT","protease binding","6","142","113","19272","1.46e-3","1.78e-2","7.21","3.83e-1","1.55e-2","1.90e-4","PYCARD,CASP9,IL1R1,BCL10,FADD,CFLAR"
"GOTERM_MF_DIRECT","beta-catenin binding","6","142","111","19272","1.34e-3","1.71e-2","7.34","3.59e-1","1.49e-2","1.73e-4","TBL1XR1,CDH1,CTNNA1,PIN1,DCHS1,SKP1"
"GOTERM_BP_DIRECT","protein import into nucleus","6","142","110","19512","1.22e-3","1.28e-2","7.50","8.08e-1","1.13e-2","1.54e-4","TBK1,SYK,TRAF3IP2,BCL3,TXNIP,STK3"
"INTERPRO","SH2_dom_sf","6","142","116","20827","1.16e-3","2.22e-2","7.59","4.26e-1","2.08e-2","1.45e-4","ZAP70,SYK,LCK,GRAP2,CBLB,FYN"
"GOTERM_BP_DIRECT","defense response to Gram-negative bacterium","6","142","106","19512","1.04e-3","1.11e-2","7.78","7.53e-1","9.79e-3","1.25e-4","GSDMD,PYCARD,CD4,IL23A,NOD1,TLR4"
"GOTERM_BP_DIRECT","neuron apoptotic process","6","142","99","19512","7.62e-4","8.43e-3","8.33","6.42e-1","7.44e-3","8.59e-5","CASP9,APAF1,SIAH1,NLRP1,BID,BCL2L1"
"GOTERM_BP_DIRECT","autophagosome assembly","6","142","98","19512","7.27e-4","8.23e-3","8.41","6.25e-1","7.27e-3","8.12e-5","CASP8,SYK,STING1,ATG16L1,CUL1,CTSD"
"GOTERM_CC_DIRECT","cell body","6","142","84","20808","2.67e-4","3.21e-3","10.47","6.22e-2","2.67e-3","2.38e-5","CASP8,FYN,CACYBP,NF2,FADD,CD3E"
"GOTERM_MF_DIRECT","protein serine/threonine kinase activator activity","6","142","72","19272","1.84e-4","3.59e-3","11.31","5.92e-2","3.12e-3","1.51e-5","MOB1B,MOB1A,DDX3X,CD40LG,STK3,SAV1"
"GOTERM_BP_DIRECT","positive regulation of neuron apoptotic process","6","142","65","19512","1.07e-4","1.55e-3","12.68","1.34e-1","1.37e-3","7.75e-6","CASP9,CASP8,CASP5,CASP10,CASP4,CFLAR"
"GOTERM_BP_DIRECT","positive regulation of B cell proliferation","6","142","47","19512","2.21e-5","3.62e-4","17.54","2.93e-2","3.20e-4","1.12e-6","CD40,TNFRSF13C,TICAM1,TLR4,CARD11,TNFSF13B"
"GOTERM_BP_DIRECT","positive regulation of T cell activation","6","142","45","19512","1.78e-5","2.99e-4","18.32","2.37e-2","2.64e-4","8.62e-7","PYCARD,CD4,LCK,BCL10,CD3E,CARD11"
"GOTERM_BP_DIRECT","programmed cell death","6","142","44","19512","1.59e-5","2.71e-4","18.74","2.12e-2","2.39e-4","7.51e-7","GSDMD,IRF3,CARD8,CASP4,BCL10,NLRP1"
"GOTERM_BP_DIRECT","lipopolysaccharide-mediated signaling pathway","6","142","38","19512","7.60e-6","1.35e-4","21.70","1.02e-2","1.19e-4","3.05e-7","IRF3,LY96,CD14,BCL10,TICAM1,TLR4"
"GOTERM_BP_DIRECT","B cell proliferation","6","142","38","19512","7.60e-6","1.35e-4","21.70","1.02e-2","1.19e-4","3.05e-7","CD40,CD40LG,TICAM1,TLR4,CARD11,TNFSF13B"
"GOTERM_BP_DIRECT","positive regulation of innate immune response","6","142","37","19512","6.64e-6","1.21e-4","22.28","8.91e-3","1.07e-4","2.58e-7","TBK1,RALB,IRF3,IFNK,IRF7,FADD"
"GOTERM_BP_DIRECT","positive regulation of defense response to virus by host","6","142","34","19512","4.31e-6","8.30e-5","24.25","5.79e-3","7.33e-5","1.52e-7","PYCARD,MAVS,AIM2,TRAF3IP2,STING1,IL23A"
"GOTERM_BP_DIRECT","toll-like receptor signaling pathway","6","142","30","19512","2.26e-6","4.55e-5","27.48","3.04e-3","4.02e-5","6.87e-8","MAPKAPK2,LY96,BCL10,TICAM1,TLR4,TLR3"
"SMART","PYRIN","6","107","22","10704","1.99e-6","8.78e-5","27.28","1.76e-4","7.98e-5","5.68e-8","PYCARD,AIM2,IFI16,NLRP3,NLRP1,MEFV"
"GOTERM_BP_DIRECT","interleukin-1-mediated signaling pathway","6","142","28","19512","1.58e-6","3.32e-5","29.44","2.12e-3","2.93e-5","4.41e-8","GSDMD,IL1R1,IL1B,CASP1,NLRP3,IL1RAP"
"GOTERM_BP_DIRECT","positive regulation of macrophage cytokine production","6","142","24","19512","6.98e-7","1.57e-5","34.35","9.40e-4","1.39e-5","1.61e-8","PYCARD,MAPKAPK2,NOD1,TICAM1,TLR4,TLR3"
"UP_SEQ_FEATURE","DOMAIN:NACHT","6","141","25","20669","6.32e-7","1.81e-4","35.18","1.08e-3","1.79e-4","1.44e-8","NLRP3,NOD1,NLRC4,NLRP1,NOD2,NAIP"
"INTERPRO","NACHT_NTPase","6","142","24","20827","5.08e-7","2.20e-5","36.67","2.42e-4","2.06e-5","1.10e-8","NLRP3,NOD1,NLRC4,NLRP1,NOD2,NAIP"
"UP_SEQ_FEATURE","DOMAIN:Pyrin","6","141","23","20669","4.05e-7","1.39e-4","38.24","6.95e-4","1.37e-4","8.31e-9","PYCARD,AIM2,IFI16,NLRP3,NLRP1,MEFV"
"INTERPRO","DAPIN","6","142","23","20827","4.04e-7","1.93e-5","38.26","1.93e-4","1.81e-5","8.29e-9","PYCARD,AIM2,IFI16,NLRP3,NLRP1,MEFV"
"GOTERM_BP_DIRECT","cellular response to exogenous dsRNA","6","142","20","19512","2.61e-7","6.50e-6","41.22","3.51e-4","5.75e-6","4.76e-9","IFIH1,MAVS,RALB,STING1,IRF3,TLR3"
"GOTERM_CC_DIRECT","serine/threonine protein kinase complex","6","142","20","20808","1.90e-7","4.56e-6","43.96","4.56e-5","3.80e-6","3.25e-9","TBK1,STING1,TBKBP1,AZI2,IKBKE,TANK"
"GOTERM_MF_DIRECT","cysteine-type endopeptidase activator activity involved in apoptotic process","6","142","14","19272","3.71e-8","1.23e-6","58.16","1.23e-5","1.07e-6","4.12e-10","BEX3,APAF1,CASP1,NOD1,CARD16,NLRP1"
"GOTERM_BP_DIRECT","pyroptotic cell death","6","142","14","19512","3.49e-8","9.78e-7","58.89","4.70e-5","8.64e-7","3.82e-10","GSDMD,AIM2,CARD8,CASP4,CASP1,NLRP1"
"PIR_SUPERFAMILY","Caspase_ICE","6","24","9","1941","1.80e-8","2.88e-7","53.92","2.88e-7","2.88e-7","1.50e-10","CASP9,CASP8,CASP5,CASP4,CASP1,CARD16"
"UP_SEQ_FEATURE","DOMAIN:Caspase family p20","6","141","13","20669","1.63e-8","7.02e-6","67.66","2.81e-5","6.93e-6","1.49e-10","CASP9,CASP8,CASP10,CASP1,CARD16,CFLAR"
"GOTERM_MF_DIRECT","cysteine-type endopeptidase activator activity","6","142","11","19272","8.71e-9","3.60e-7","74.03","2.88e-6","3.13e-7","6.45e-11","PYCARD,AIM2,APAF1,CARD8,NLRP3,NLRP1"
"GOTERM_CC_DIRECT","NLRP1 inflammasome complex","6","142","7","20808","2.76e-10","1.33e-8","125.60","6.63e-8","1.11e-8","6.32e-13","PYCARD,CASP5,CASP4,CASP1,CARD16,NLRP1"
"GOTERM_MF_DIRECT","cytokine activity","5","142","240","19272","9.98e-2","3.93e-1","2.83","1.00e+0","3.42e-1","3.26e-2","CD40LG,IL23A,IL1B,IFNK,TNFSF13B"
"UP_KW_BIOLOGICAL_PROCESS","Autophagy","5","119","173","11605","9.98e-2","3.63e-1","2.82","9.85e-1","3.08e-1","3.26e-2","IFI16,STING1,ATG16L1,MFN2,NOD2"
"GOTERM_CC_DIRECT","postsynapse","5","142","254","20808","9.45e-2","3.54e-1","2.88","1.00e+0","2.95e-1","3.04e-2","LATS1,CDH1,ERBIN,CBLB,ARF6"
"GOTERM_BP_DIRECT","autophagy","5","142","223","19512","7.86e-2","3.18e-1","3.08","1.00e+0","2.81e-1","2.37e-2","IFI16,STING1,ATG16L1,MFN2,NOD2"
"KEGG_PATHWAY","Mitophagy - animal","5","142","105","9496","7.08e-2","1.58e-1","3.18","1.00e+0","9.44e-2","2.04e-2","TBK1,SIAH1,MFN1,MFN2,BCL2L1"
"KEGG_PATHWAY","Amoebiasis","5","142","103","9496","6.69e-2","1.52e-1","3.25","1.00e+0","9.05e-2","1.90e-2","IL1R1,IL1B,HSPB1,CD14,TLR4"
"GOTERM_BP_DIRECT","intracellular protein localization","5","142","200","19512","5.73e-2","2.67e-1","3.44","1.00e+0","2.36e-1","1.56e-2","LATS1,YWHAE,LATS2,YWHAQ,CTNNA1"
"UP_SEQ_FEATURE","REPEAT:WD","5","141","211","20669","5.55e-2","9.25e-1","3.47","1.00e+0","9.14e-1","1.50e-2","APAF1,TBL1XR1,FBXW11,ATG16L1,TBL1X"
"GOTERM_MF_DIRECT","molecular adaptor activity","5","142","194","19272","5.43e-2","2.65e-1","3.50","1.00e+0","2.30e-1","1.45e-2","MAVS,NLRP3,TICAM1,TANK,SAV1"
"UP_KW_MOLECULAR_FUNCTION","Cytokine","5","87","195","12059","5.06e-2","2.41e-1","3.55","8.53e-1","2.02e-1","1.33e-2","CD40LG,IL23A,IL1B,IFNK,TNFSF13B"
"KEGG_PATHWAY","Adherens junction","5","142","93","9496","4.94e-2","1.17e-1","3.60","1.00e+0","6.99e-2","1.27e-2","AFDN,CDH1,CTNND1,CTNNA1,FYN"
"KEGG_PATHWAY","Small cell lung cancer","5","142","93","9496","4.94e-2","1.17e-1","3.60","1.00e+0","6.99e-2","1.27e-2","CASP9,TRAF4,APAF1,CYCS,BCL2L1"
"GOTERM_MF_DIRECT","DNA-binding transcription factor binding","5","142","185","19272","4.71e-2","2.44e-1","3.67","1.00e+0","2.12e-1","1.20e-2","MAVS,DHX33,STING1,BCL3,NLRP3"
"GOTERM_BP_DIRECT","response to hypoxia","5","142","181","19512","4.25e-2","2.24e-1","3.80","1.00e+0","1.98e-1","1.05e-2","CASP9,APAF1,PIN1,CFLAR,LIMD1"
"KEGG_PATHWAY","Pancreatic cancer","5","142","77","9496","2.74e-2","7.53e-2","4.34","9.86e-1","4.50e-2","5.81e-3","CASP9,RALBP1,RALA,RALB,BCL2L1"
"GOTERM_BP_DIRECT","protein-containing complex assembly","5","142","154","19512","2.56e-2","1.57e-1","4.46","1.00e+0","1.39e-1","5.39e-3","CD40,IL1RAP,CD247,CD3E,BID"
"GOTERM_BP_DIRECT","cytokine-mediated signaling pathway","5","142","153","19512","2.51e-2","1.55e-1","4.49","1.00e+0","1.37e-1","5.26e-3","TRAF3IP2,IL1R1,IL1B,IFNK,IL1RAP"
"GOTERM_BP_DIRECT","kidney development","5","142","149","19512","2.30e-2","1.45e-1","4.61","1.00e+0","1.28e-1","4.71e-3","CASP9,TRAF3IP2,APAF1,DCHS1,FADD"
"GOTERM_BP_DIRECT","MAPK cascade","5","142","145","19512","2.11e-2","1.37e-1","4.74","1.00e+0","1.21e-1","4.20e-3","YWHAE,MAPKAPK2,MAPKAPK5,NF2,TLR3"
"SMART","SH2","5","107","105","10704","2.03e-2","1.78e-1","4.76","8.35e-1","1.62e-1","3.98e-3","ZAP70,SYK,LCK,GRAP2,FYN"
"GOTERM_MF_DIRECT","protein tyrosine kinase activity","5","142","140","19272","1.96e-2","1.27e-1","4.85","9.99e-1","1.11e-1","3.81e-3","ZAP70,SYK,LCK,PKN2,FYN"
"INTERPRO","WD40_repeat_CS","5","142","148","20827","1.83e-2","1.56e-1","4.96","1.00e+0","1.46e-1","3.48e-3","APAF1,TBL1XR1,FBXW11,ATG16L1,TBL1X"
"GOTERM_BP_DIRECT","calcium-mediated signaling","5","142","116","19512","1.00e-2","7.76e-2","5.92","1.00e+0","6.86e-2","1.60e-3","ZAP70,CD4,SYK,CD3E,LAT"
"INTERPRO","SH2","5","142","111","20827","6.89e-3","9.40e-2","6.61","9.63e-1","8.80e-2","9.86e-4","ZAP70,SYK,LCK,GRAP2,FYN"
"UP_KW_DOMAIN","SH2 domain","5","102","109","14656","6.80e-3","4.54e-2","6.59","1.28e-1","3.63e-2","9.75e-4","ZAP70,SYK,LCK,GRAP2,FYN"
"UP_SEQ_FEATURE","DOMAIN:SH2","5","141","110","20669","6.69e-3","3.71e-1","6.66","1.00e+0","3.66e-1","9.49e-4","ZAP70,SYK,LCK,GRAP2,FYN"
"UP_SEQ_FEATURE","REPEAT:LRR 10","5","141","109","20669","6.48e-3","3.71e-1","6.72","1.00e+0","3.66e-1","9.11e-4","ERBIN,CD14,NLRC4,TLR4,TLR3"
"GOTERM_BP_DIRECT","protein catabolic process","5","142","99","19512","5.79e-3","4.78e-2","6.94","1.00e+0","4.23e-2","7.86e-4","ITCH,SIAH1,CASP1,CBLB,FYN"
"GOTERM_MF_DIRECT","endopeptidase activity","5","142","96","19272","5.42e-3","4.49e-2","7.07","8.35e-1","3.90e-2","7.23e-4","CARD8,CASP1,CARD16,NLRP1,CTSD"
"GOTERM_MF_DIRECT","protein phosphatase binding","5","142","96","19272","5.42e-3","4.49e-2","7.07","8.35e-1","3.90e-2","7.23e-4","YWHAE,TBK1,LCK,IKBKE,SKAP1"
"UP_SEQ_FEATURE","REPEAT:LRR 11","5","141","93","20669","3.69e-3","2.19e-1","7.88","9.98e-1","2.16e-1","4.42e-4","ERBIN,CD14,NLRC4,TLR4,TLR3"
"INTERPRO","G-protein_beta_WD-40_rep","5","142","85","20827","2.67e-3","4.24e-2","8.63","7.20e-1","3.97e-2","2.91e-4","APAF1,TBL1XR1,FBXW11,ATG16L1,TBL1X"
"INTERPRO","WD40_PAC1","5","142","82","20827","2.34e-3","3.89e-2","8.94","6.73e-1","3.64e-2","2.46e-4","APAF1,TBL1XR1,FBXW11,ATG16L1,TBL1X"
"GOTERM_MF_DIRECT","double-stranded RNA binding","5","142","75","19272","2.23e-3","2.55e-2","9.05","5.23e-1","2.22e-2","2.31e-4","IFIH1,DHX33,DHX58,NLRP1,TLR3"
"KEGG_PATHWAY","Asthma","5","142","32","9496","1.21e-3","4.55e-3","10.45","1.70e-1","2.72e-3","1.01e-4","CD40,FCER1G,CD40LG,FCER1A,MS4A2"
"GOTERM_BP_DIRECT","JNK cascade","5","142","63","19512","1.12e-3","1.19e-2","10.91","7.79e-1","1.05e-2","9.52e-5","IL1B,NOD1,TLR4,TLR3,STK3"
"GOTERM_BP_DIRECT","tumor necrosis factor-mediated signaling pathway","5","142","61","19512","9.91e-4","1.07e-2","11.26","7.37e-1","9.43e-3","8.16e-5","PYCARD,AIM2,TRAF3IP2,TNFRSF13C,TNFSF13B"
"GOTERM_BP_DIRECT","receptor internalization","5","142","56","19512","7.17e-4","8.19e-3","12.27","6.20e-1","7.23e-3","5.39e-5","ITCH,RALA,RALB,FCER1G,SYK"
"GOTERM_BP_DIRECT","response to cytokine","5","142","56","19512","7.17e-4","8.19e-3","12.27","6.20e-1","7.23e-3","5.39e-5","TRAF3IP2,MAPKAPK2,IKBKE,RELB,BCL2L1"
"GOTERM_CC_DIRECT","cleavage furrow","5","142","56","20808","5.65e-4","5.21e-3","13.08","1.27e-1","4.34e-3","3.98e-5","RALA,PSTPIP1,PKN2,NF2,ARF6"
"GOTERM_MF_DIRECT","molecular condensate scaffold activity","5","142","51","19272","5.25e-4","7.56e-3","13.31","1.60e-1","6.58e-3","3.62e-5","MAVS,CARD8,NLRP3,NLRP1,LAT"
"GOTERM_MF_DIRECT","phosphotyrosine residue binding","5","142","49","19272","4.51e-4","7.46e-3","13.85","1.39e-1","6.49e-3","2.97e-5","ZAP70,SYK,LCK,GRAP2,CBLB"
"GOTERM_BP_DIRECT","positive regulation of chemokine production","5","142","49","19512","4.30e-4","5.17e-3","14.02","4.40e-1","4.57e-3","2.80e-5","PYCARD,IL1B,TICAM1,TLR4,TLR3"
"GOTERM_BP_DIRECT","negative regulation of NF-kappaB transcription factor activity","5","142","49","19512","4.30e-4","5.17e-3","14.02","4.40e-1","4.57e-3","2.80e-5","PYCARD,CYLD,AIM2,BCL3,ERBIN"
"GOTERM_BP_DIRECT","B cell activation","5","142","45","19512","3.09e-4","3.79e-3","15.27","3.41e-1","3.35e-3","1.84e-5","CD86,ZAP70,CD40,CASP8,TICAM1"
"GOTERM_BP_DIRECT","signal transduction involved in regulation of gene expression","5","142","42","19512","2.36e-4","3.09e-3","16.36","2.73e-1","2.73e-3","1.30e-5","TBK1,TRAF3IP2,STING1,IRF3,TLR4"
"GOTERM_BP_DIRECT","positive regulation of calcium-mediated signaling","5","142","39","19512","1.77e-4","2.38e-3","17.62","2.12e-1","2.10e-3","8.97e-6","ZAP70,CD4,SYK,CLEC7A,CD3E"
"GOTERM_BP_DIRECT","leukocyte migration","5","142","38","19512","1.59e-4","2.17e-3","18.08","1.93e-1","1.92e-3","7.87e-6","ZAP70,SYK,LCK,IL1B,FYN"
"GOTERM_BP_DIRECT","negative regulation of type I interferon production","5","142","33","19512","9.09e-5","1.36e-3","20.82","1.15e-1","1.20e-3","3.83e-6","CYLD,ITCH,TBK1,RNF125,DHX58"
"GOTERM_MF_DIRECT","tumor necrosis factor receptor binding","5","142","32","19272","8.42e-5","1.99e-3","21.21","2.75e-2","1.73e-3","3.47e-6","CASP8,CD40LG,TRAF4,FADD,TNFSF13B"
"INTERPRO","Toll_tir_struct_dom_sf","5","142","28","20827","3.63e-5","1.16e-3","26.19","1.72e-2","1.08e-3","1.19e-6","IL1R1,IL1RAP,TICAM1,TLR4,TLR3"
"UP_SEQ_FEATURE","DOMAIN:TIR","5","141","27","20669","3.14e-5","5.98e-3","27.15","5.24e-2","5.91e-3","9.84e-7","IL1R1,IL1RAP,TICAM1,TLR4,TLR3"
"INTERPRO","TIR_dom","5","142","27","20827","3.13e-5","1.07e-3","27.16","1.48e-2","9.99e-4","9.82e-7","IL1R1,IL1RAP,TICAM1,TLR4,TLR3"
"GOTERM_BP_DIRECT","regulation of tumor necrosis factor-mediated signaling pathway","5","142","23","19512","2.08e-5","3.46e-4","29.87","2.76e-2","3.05e-4","5.76e-7","PYCARD,CYLD,CASP8,SYK,MAPKAPK2"
"GOTERM_BP_DIRECT","positive regulation of hippo signaling","5","142","21","19512","1.42e-5","2.45e-4","32.72","1.90e-2","2.17e-4","3.52e-7","LATS1,YWHAE,LATS2,STK3,SAV1"
"GOTERM_MF_DIRECT","death receptor binding","5","142","17","19272","6.07e-6","1.55e-4","39.92","2.01e-3","1.34e-4","1.17e-7","BEX3,CASP8,FADD,CFLAR,BID"
"SMART","CARD","5","107","12","10704","4.23e-6","1.24e-4","41.68","3.72e-4","1.13e-4","6.81e-8","CASP9,CASP5,CASP4,CASP1,CARD16"
"GOTERM_BP_DIRECT","Fc-gamma receptor signaling pathway","5","142","15","19512","3.35e-6","6.55e-5","45.80","4.51e-3","5.78e-5","5.39e-8","CLEC4D,FCER1G,LCK,CD247,CLEC4E"
"GOTERM_BP_DIRECT","interleukin-18-mediated signaling pathway","5","142","14","19512","2.47e-6","4.90e-5","49.07","3.33e-3","4.33e-5","3.61e-8","GSDMD,CASP5,CASP4,CASP1,NLRP3"
"INTERPRO","Pept_C14","5","142","13","20827","1.37e-6","5.46e-5","56.41","6.55e-4","5.11e-5","1.69e-8","CASP9,CASP5,CASP4,CASP1,CARD16"
"GOTERM_BP_DIRECT","icosanoid biosynthetic process","5","142","11","19512","8.29e-7","1.80e-5","62.46","1.12e-3","1.59e-5","8.48e-9","PYCARD,CASP1,CARD16,NLRC4,NAIP"
"GOTERM_CC_DIRECT","ripoptosome","5","142","6","20808","3.00e-8","9.00e-7","122.11","7.20e-6","7.50e-7","8.23e-11","CASP8,CASP10,FADD,CFLAR,TICAM1"
"SMART","DEXDc","4","107","112","10704","9.96e-2","3.82e-1","3.57","1.00e+0","3.47e-1","2.57e-2","IFIH1,DDX3X,DHX33,DHX58"
"GOTERM_CC_DIRECT","spindle pole","4","142","163","20808","9.92e-2","3.66e-1","3.60","1.00e+0","3.05e-1","2.56e-2","LATS1,RALBP1,LATS2,BRCC3"
"INTERPRO","PDZ_sf","4","142","162","20827","9.75e-2","3.94e-1","3.62","1.00e+0","3.69e-1","2.50e-2","AFDN,ERBIN,CARD11,SIPA1"
"GOTERM_MF_DIRECT","transmembrane transporter binding","4","142","150","19272","9.71e-2","3.89e-1","3.62","1.00e+0","3.39e-1","2.50e-2","PYCARD,YWHAE,YWHAQ,FYN"
"SMART","HELICc","4","107","110","10704","9.56e-2","3.82e-1","3.64","1.00e+0","3.47e-1","2.43e-2","IFIH1,DDX3X,DHX33,DHX58"
"INTERPRO","PDZ","4","142","159","20827","9.36e-2","3.94e-1","3.69","1.00e+0","3.69e-1","2.36e-2","AFDN,ERBIN,CARD11,SIPA1"
"GOTERM_MF_DIRECT","helicase activity","4","142","147","19272","9.34e-2","3.82e-1","3.69","1.00e+0","3.32e-1","2.35e-2","IFIH1,DDX3X,DHX33,DHX58"
"GOTERM_MF_DIRECT","receptor ligand activity","4","142","142","19272","8.64e-2","3.62e-1","3.82","1.00e+0","3.15e-1","2.10e-2","CD86,IL1B,CD80,TNFSF13B"
"UP_SEQ_FEATURE","DOMAIN:PDZ","4","141","152","20669","8.45e-2","1.00e+0","3.86","1.00e+0","9.88e-1","2.04e-2","AFDN,ERBIN,CARD11,SIPA1"
"INTERPRO","Ser-Thr/Tyr_kinase_cat_dom","4","142","151","20827","8.32e-2","3.67e-1","3.89","1.00e+0","3.44e-1","2.00e-2","ZAP70,SYK,LCK,FYN"
"GOTERM_CC_DIRECT","centriolar satellite","4","142","148","20808","7.96e-2","3.18e-1","3.96","1.00e+0","2.65e-1","1.87e-2","CD86,CYLD,LATS2,EXOC7"
"GOTERM_BP_DIRECT","regulation of cell shape","4","142","136","19512","7.59e-2","3.11e-1","4.04","1.00e+0","2.75e-1","1.75e-2","FYN,NF2,LIMD1,RHOQ"
"KEGG_PATHWAY","Inflammatory bowel disease","4","142","66","9496","7.46e-2","1.64e-1","4.05","1.00e+0","9.81e-2","1.69e-2","IL23A,IL1B,NOD2,TLR4"
"UP_KW_MOLECULAR_FUNCTION","Helicase","4","87","136","12059","7.31e-2","2.84e-1","4.08","9.40e-1","2.38e-1","1.68e-2","IFIH1,DDX3X,DHX33,DHX58"
"SMART","TyrKc","4","107","91","10704","6.14e-2","3.60e-1","4.40","9.96e-1","3.27e-1","1.30e-2","ZAP70,SYK,LCK,FYN"
"GOTERM_BP_DIRECT","positive regulation of neuron projection development","4","142","122","19512","5.86e-2","2.72e-1","4.51","1.00e+0","2.41e-1","1.22e-2","RAPGEF1,FYN,CFLAR,ARF6"
"GOTERM_MF_DIRECT","SH3 domain binding","4","142","120","19272","5.81e-2","2.75e-1","4.52","1.00e+0","2.39e-1","1.20e-2","CASP9,RAPGEF1,CD3E,SKAP1"
"SMART","CLECT","4","107","88","10704","5.66e-2","3.56e-1","4.55","9.94e-1","3.23e-1","1.16e-2","CLEC4D,CLEC7A,CLEC1B,CLEC4E"
"GOTERM_BP_DIRECT","positive regulation of canonical Wnt signaling pathway","4","142","120","19512","5.64e-2","2.64e-1","4.58","1.00e+0","2.33e-1","1.15e-2","DDX3X,TBL1XR1,PIN1,TBL1X"
"GOTERM_CC_DIRECT","ficolin-1-rich granule lumen","4","142","127","20808","5.54e-2","2.37e-1","4.62","1.00e+0","1.98e-1","1.13e-2","GSDMD,DDX3X,APAF1,CTSD"
"UP_KW_MOLECULAR_FUNCTION","Tyrosine-protein kinase","4","87","118","12059","5.21e-2","2.41e-1","4.70","8.62e-1","2.02e-1","1.04e-2","ZAP70,SYK,LCK,FYN"
"UP_SEQ_FEATURE","DOMAIN:Helicase ATP-binding","4","141","120","20669","4.82e-2","8.44e-1","4.89","1.00e+0","8.34e-1","9.26e-3","IFIH1,DDX3X,DHX33,DHX58"
"GOTERM_BP_DIRECT","symbiont entry into host cell","4","142","112","19512","4.76e-2","2.43e-1","4.91","1.00e+0","2.14e-1","9.11e-3","CD86,ITCH,CD4,CD80"
"KEGG_PATHWAY","Autoimmune thyroid disease","4","142","54","9496","4.59e-2","1.14e-1","4.95","9.99e-1","6.81e-2","8.50e-3","CD86,CD40,CD40LG,CD80"
"GOTERM_MF_DIRECT","kinase binding","4","142","106","19272","4.29e-2","2.26e-1","5.12","1.00e+0","1.97e-1","7.86e-3","MOB1B,MOB1A,CASP1,CARD16"
"GOTERM_BP_DIRECT","cellular response to tumor necrosis factor","4","142","107","19512","4.26e-2","2.24e-1","5.14","1.00e+0","1.98e-1","7.78e-3","PYCARD,CD40,ERBIN,TANK"
"UP_SEQ_FEATURE","SITE:Cleavage","4","141","114","20669","4.25e-2","8.23e-1","5.14","1.00e+0","8.12e-1","7.76e-3","IFIH1,CD40LG,BID,TNFSF13B"
"INTERPRO","Ig_E-set","4","142","114","20827","4.24e-2","2.41e-1","5.15","1.00e+0","2.26e-1","7.75e-3","TXNIP,LY96,EXOC2,RELB"
"INTERPRO","CTDL_fold","4","142","114","20827","4.24e-2","2.41e-1","5.15","1.00e+0","2.26e-1","7.75e-3","CLEC4D,CLEC7A,CLEC1B,CLEC4E"
"GOTERM_BP_DIRECT","canonical Wnt signaling pathway","4","142","106","19512","4.16e-2","2.24e-1","5.19","1.00e+0","1.98e-1","7.53e-3","LATS2,SIAH1,RAPGEF1,STK3"
"INTERPRO","Helicase_ATP-bd","4","142","113","20827","4.15e-2","2.41e-1","5.19","1.00e+0","2.26e-1","7.52e-3","IFIH1,DDX3X,DHX33,DHX58"
"GOTERM_BP_DIRECT","immunoglobulin mediated immune response","4","142","105","19512","4.06e-2","2.24e-1","5.23","1.00e+0","1.98e-1","7.29e-3","FCER1G,IRF7,FCER1A,BCL10"
"GOTERM_CC_DIRECT","ubiquitin ligase complex","4","142","111","20808","3.98e-2","1.84e-1","5.28","1.00e+0","1.53e-1","7.09e-3","MAVS,FBXW11,BRCC3,SUGT1"
"UP_SEQ_FEATURE","DOMAIN:Helicase C-terminal","4","141","111","20669","3.97e-2","8.23e-1","5.28","1.00e+0","8.12e-1","7.08e-3","IFIH1,DDX3X,DHX33,DHX58"
"INTERPRO","Helicase_C-like","4","142","110","20827","3.88e-2","2.34e-1","5.33","1.00e+0","2.20e-1","6.85e-3","IFIH1,DDX3X,DHX33,DHX58"
"GOTERM_CC_DIRECT","ruffle","4","142","109","20808","3.80e-2","1.79e-1","5.38","1.00e+0","1.49e-1","6.65e-3","NF2,MEFV,TLR4,ARF6"
"KEGG_PATHWAY","Malaria","4","142","50","9496","3.78e-2","9.71e-2","5.35","9.97e-1","5.80e-2","6.48e-3","CD40,CD40LG,IL1B,TLR4"
"INTERPRO","C-type_lectin-like/link_sf","4","142","106","20827","3.54e-2","2.19e-1","5.53","1.00e+0","2.05e-1","6.01e-3","CLEC4D,CLEC7A,CLEC1B,CLEC4E"
"GOTERM_BP_DIRECT","phosphatidylinositol 3-kinase/protein kinase B signal transduction","4","142","94","19512","3.07e-2","1.79e-1","5.85","1.00e+0","1.58e-1","4.94e-3","CD40,TBK1,RAPGEF1,STK3"
"INTERPRO","Tyr_kinase_AS","4","142","98","20827","2.90e-2","1.92e-1","5.99","1.00e+0","1.80e-1","4.56e-3","ZAP70,SYK,LCK,FYN"
"GOTERM_BP_DIRECT","response to estradiol","4","142","87","19512","2.52e-2","1.55e-1","6.32","1.00e+0","1.37e-1","3.75e-3","CASP9,CD4,CASP8,TXNIP"
"INTERPRO","Tyr_kinase_cat_dom","4","142","91","20827","2.39e-2","1.80e-1","6.45","1.00e+0","1.69e-1","3.50e-3","ZAP70,SYK,LCK,FYN"
"INTERPRO","C-type_lectin-like","4","142","90","20827","2.33e-2","1.80e-1","6.52","1.00e+0","1.69e-1","3.36e-3","CLEC4D,CLEC7A,CLEC1B,CLEC4E"
"UP_SEQ_FEATURE","DOMAIN:C-type lectin","4","141","89","20669","2.26e-2","6.48e-1","6.59","1.00e+0","6.40e-1","3.24e-3","CLEC4D,CLEC7A,CLEC1B,CLEC4E"
"GOTERM_CC_DIRECT","autophagosome","4","142","86","20808","2.07e-2","1.08e-1","6.82","9.93e-1","9.01e-2","2.86e-3","STING1,ATG16L1,MEFV,TICAM1"
"GOTERM_BP_DIRECT","cellular response to type II interferon","4","142","80","19512","2.03e-2","1.35e-1","6.87","1.00e+0","1.19e-1","2.77e-3","CASP1,CARD16,TLR4,TLR3"
"GOTERM_BP_DIRECT","B cell differentiation","4","142","80","19512","2.03e-2","1.35e-1","6.87","1.00e+0","1.19e-1","2.77e-3","CD40LG,SYK,CARD11,TNFSF13B"
"KEGG_PATHWAY","Allograft rejection","4","142","39","9496","1.98e-2","5.55e-2","6.86","9.54e-1","3.32e-2","2.63e-3","CD86,CD40,CD40LG,CD80"
"GOTERM_MF_DIRECT","RNA helicase activity","4","142","78","19272","1.96e-2","1.27e-1","6.96","9.99e-1","1.11e-1","2.64e-3","IFIH1,DDX3X,DHX33,DHX58"
"GOTERM_MF_DIRECT","scaffold protein binding","4","142","72","19272","1.58e-2","1.07e-1","7.54","9.95e-1","9.31e-2","1.97e-3","YWHAE,CASP8,SYK,FYN"
"UP_SEQ_FEATURE","REPEAT:LRR 12","4","141","76","20669","1.49e-2","4.83e-1","7.72","1.00e+0","4.77e-1","1.82e-3","ERBIN,NLRC4,TLR4,TLR3"
"GOTERM_BP_DIRECT","keratinocyte differentiation","4","142","70","19512","1.42e-2","1.03e-1","7.85","1.00e+0","9.07e-2","1.70e-3","LATS1,LATS2,TXNIP,SAV1"
"GOTERM_BP_DIRECT","platelet activation","4","142","69","19512","1.37e-2","1.01e-1","7.97","1.00e+0","8.89e-2","1.61e-3","CD40,CD40LG,SYK,LCK"
"GOTERM_BP_DIRECT","positive regulation of protein phosphorylation","4","142","69","19512","1.37e-2","1.01e-1","7.97","1.00e+0","8.89e-2","1.61e-3","RALBP1,CD4,RALB,PIN1"
"GOTERM_BP_DIRECT","TORC1 signaling","4","142","67","19512","1.26e-2","9.46e-2","8.20","1.00e+0","8.35e-2","1.44e-3","TBK1,SYK,CUL1,CARD11"
"GOTERM_BP_DIRECT","protein secretion","4","142","66","19512","1.21e-2","9.18e-2","8.33","1.00e+0","8.11e-2","1.37e-3","GSDMD,CASP4,CASP1,NLRP3"
"GOTERM_CC_DIRECT","SCF ubiquitin ligase complex","4","142","66","20808","1.02e-2","6.28e-2","8.88","9.15e-1","5.24e-2","1.08e-3","FBXW11,CUL1,CACYBP,SKP1"
"GOTERM_BP_DIRECT","response to stress","4","142","61","19512","9.79e-3","7.67e-2","9.01","1.00e+0","6.78e-2","1.02e-3","TBK1,BCL3,IKBKE,BCL2L1"
"GOTERM_BP_DIRECT","positive regulation of phagocytosis","4","142","60","19512","9.36e-3","7.37e-2","9.16","1.00e+0","6.51e-2","9.56e-4","PYCARD,FCER1G,CLEC7A,RAPGEF1"
"GOTERM_BP_DIRECT","extrinsic apoptotic signaling pathway","4","142","58","19512","8.53e-3","6.76e-2","9.48","1.00e+0","5.97e-2","8.41e-4","CASP8,FADD,BID,TLR3"
"GOTERM_BP_DIRECT","T cell differentiation","4","142","54","19512","7.00e-3","5.65e-2","10.18","1.00e+0","4.99e-2","6.41e-4","ZAP70,CD4,TRAF3IP2,LCK"
"SMART","LRR_RI","4","107","39","10704","6.66e-3","8.37e-2","10.26","4.45e-1","7.61e-2","5.93e-4","NLRP3,NOD1,NLRP1,NOD2"
"GOTERM_BP_DIRECT","cellular response to amyloid-beta","4","142","51","19512","5.97e-3","4.87e-2","10.78","1.00e+0","4.31e-2","5.15e-4","SYK,CASP4,FYN,TLR4"
"GOTERM_MF_DIRECT","non-membrane spanning protein tyrosine kinase activity","4","142","46","19272","4.62e-3","4.03e-2","11.80","7.84e-1","3.50e-2","3.63e-4","ZAP70,SYK,LCK,FYN"
"GOTERM_BP_DIRECT","negative regulation of non-canonical NF-kappaB signal transduction","4","142","46","19512","4.47e-3","3.86e-2","11.95","9.98e-1","3.41e-2","3.46e-4","CYLD,DDX3X,FBXW11,NLRP3"
"GOTERM_BP_DIRECT","negative regulation of viral genome replication","4","142","46","19512","4.47e-3","3.86e-2","11.95","9.98e-1","3.41e-2","3.46e-4","IFIH1,MAVS,RNASEL,IFI16"
"GOTERM_BP_DIRECT","negative regulation of interleukin-1 beta production","4","142","45","19512","4.20e-3","3.72e-2","12.21","9.97e-1","3.29e-2","3.18e-4","CARD8,NLRP3,CARD16,MEFV"
"GOTERM_BP_DIRECT","positive regulation of nitric oxide biosynthetic process","4","142","44","19512","3.94e-3","3.51e-2","12.49","9.95e-1","3.10e-2","2.91e-4","CLEC7A,IL1B,TICAM1,TLR4"
"GOTERM_BP_DIRECT","cell-cell adhesion mediated by cadherin","4","142","42","19512","3.45e-3","3.14e-2","13.09","9.90e-1","2.77e-2","2.43e-4","AFDN,CDH1,CTNND1,FAT4"
"GOTERM_MF_DIRECT","lipopolysaccharide binding","4","142","41","19272","3.33e-3","3.56e-2","13.24","6.69e-1","3.10e-2","2.32e-4","CASP4,LY96,CD14,TLR4"
"GOTERM_BP_DIRECT","peptidyl-tyrosine phosphorylation","4","142","41","19512","3.22e-3","2.97e-2","13.41","9.87e-1","2.63e-2","2.21e-4","ZAP70,SYK,LCK,FYN"
"GOTERM_BP_DIRECT","negative regulation of tumor necrosis factor-mediated signaling pathway","4","142","38","19512","2.59e-3","2.47e-2","14.46","9.70e-1","2.19e-2","1.64e-4","CARD8,CARD16,TANK,NAIP"
"GOTERM_BP_DIRECT","negative regulation of extrinsic apoptotic signaling pathway in absence of ligand","4","142","38","19512","2.59e-3","2.47e-2","14.46","9.70e-1","2.19e-2","1.64e-4","IL1B,CTNNA1,FYN,BCL2L1"
"GOTERM_BP_DIRECT","regulation of canonical NF-kappaB signal transduction","4","142","37","19512","2.40e-3","2.32e-2","14.85","9.61e-1","2.05e-2","1.47e-4","TRAF4,CLEC7A,IL1B,HSPB1"
"GOTERM_BP_DIRECT","extrinsic apoptotic signaling pathway in absence of ligand","4","142","36","19512","2.22e-3","2.19e-2","15.27","9.50e-1","1.94e-2","1.32e-4","IL1B,CTNNA1,FADD,BCL2L1"
"GOTERM_BP_DIRECT","response to exogenous dsRNA","4","142","34","19512","1.88e-3","1.87e-2","16.17","9.20e-1","1.65e-2","1.05e-4","IRF3,IFNK,TICAM1,TLR3"
"GOTERM_CC_DIRECT","Flemming body","4","142","35","20808","1.70e-3","1.36e-2","16.75","3.35e-1","1.13e-2","9.23e-5","RALA,EXOC7,EXOC2,ARF6"
"GOTERM_BP_DIRECT","cellular response to interferon-beta","4","142","31","19512","1.43e-3","1.47e-2","17.73","8.55e-1","1.30e-2","7.26e-5","AIM2,IFI16,STING1,TLR3"
"GOTERM_CC_DIRECT","catenin complex","4","142","32","20808","1.31e-3","1.08e-2","18.32","2.70e-1","9.02e-3","6.44e-5","CDH1,CTNND1,CTNNA1,DCHS1"
"SMART","TIR","4","107","22","10704","1.27e-3","2.23e-2","18.19","1.06e-1","2.03e-2","6.01e-5","IL1R1,IL1RAP,TLR4,TLR3"
"UP_KW_BIOLOGICAL_PROCESS","Necrosis","4","119","20","11605","1.03e-3","5.15e-3","19.50","4.04e-2","4.38e-3","4.49e-5","GSDMD,CARD8,CASP4,NLRP1"
"GOTERM_BP_DIRECT","mast cell degranulation","4","142","27","19512","9.51e-4","1.03e-2","20.36","7.23e-1","9.13e-3","4.14e-5","FCER1G,SYK,FCER1A,LAT"
"INTERPRO","Non-receptor_tyrosine_kinases","4","142","28","20827","8.79e-4","1.75e-2","20.95","3.43e-1","1.64e-2","3.73e-5","ZAP70,SYK,LCK,FYN"
"GOTERM_BP_DIRECT","execution phase of apoptosis","4","142","25","19512","7.56e-4","8.43e-3","21.99","6.39e-1","7.44e-3","3.02e-5","CASP8,CASP10,CYCS,CTSD"
"GOTERM_BP_DIRECT","positive regulation of T cell receptor signaling pathway","4","142","21","19512","4.47e-4","5.28e-3","26.17","4.52e-1","4.66e-3","1.46e-5","CYLD,LCK,BCL10,CARD11"
"GOTERM_BP_DIRECT","positive regulation of execution phase of apoptosis","4","142","21","19512","4.47e-4","5.28e-3","26.17","4.52e-1","4.66e-3","1.46e-5","CASP9,CASP8,CASP10,FADD"
"GOTERM_BP_DIRECT","antifungal innate immune response","4","142","18","19512","2.78e-4","3.57e-3","30.54","3.13e-1","3.15e-3","7.60e-6","CLEC4D,CLEC7A,BCL10,CLEC4E"
"GOTERM_BP_DIRECT","hepatocyte apoptotic process","4","142","17","19512","2.33e-4","3.08e-3","32.33","2.70e-1","2.72e-3","5.94e-6","BID,STK3,BCL2L1,ARF6"
"INTERPRO","NOD1/2_WH","4","142","17","20827","1.93e-4","4.38e-3","34.51","8.78e-2","4.10e-3","4.60e-6","NLRP3,NOD1,NLRP1,NOD2"
"INTERPRO","NLRP_HD2","4","142","17","20827","1.93e-4","4.38e-3","34.51","8.78e-2","4.10e-3","4.60e-6","NLRP3,NOD1,NLRP1,NOD2"
"GOTERM_BP_DIRECT","positive regulation of granulocyte macrophage colony-stimulating factor production","4","142","15","19512","1.58e-4","2.17e-3","36.64","1.91e-1","1.92e-3","3.45e-6","SYK,IL23A,IL1B,CD80"
"GOTERM_BP_DIRECT","mRNA transcription","4","142","13","19512","1.00e-4","1.47e-3","42.28","1.26e-1","1.30e-3","1.83e-6","IFIH1,MAVS,TBK1,IRF3"
"GOTERM_BP_DIRECT","positive regulation of interleukin-18 production","4","142","13","19512","1.00e-4","1.47e-3","42.28","1.26e-1","1.30e-3","1.83e-6","GSDMD,CASP1,NLRP3,CARD16"
"GOTERM_BP_DIRECT","detection of bacterium","4","142","12","19512","7.75e-5","1.17e-3","45.80","9.91e-2","1.04e-3","1.27e-6","NOD1,NLRC4,NOD2,NAIP"
"GOTERM_BP_DIRECT","regulation of necroptotic process","4","142","11","19512","5.84e-5","9.04e-4","49.97","7.57e-2","7.99e-4","8.53e-7","CYLD,ITCH,FADD,CFLAR"
"GOTERM_BP_DIRECT","osmosensory signaling pathway","4","142","10","19512","4.27e-5","6.77e-4","54.96","5.59e-2","5.98e-4","5.46e-7","PYCARD,CASP1,NLRP3,CARD16"
"SMART","DED","4","107","7","10704","3.21e-5","7.06e-4","57.16","2.82e-3","6.42e-4","3.23e-7","CASP8,CASP10,FADD,CFLAR"
"GOTERM_BP_DIRECT","CD4-positive, alpha-beta T cell proliferation","4","142","9","19512","3.01e-5","4.88e-4","61.07","3.97e-2","4.31e-4","3.29e-7","ITCH,CBLB,CD3E,CARD11"
"UP_SEQ_FEATURE","DOMAIN:DED","4","141","7","20669","1.04e-5","2.24e-3","83.76","1.78e-2","2.21e-3","7.15e-8","CASP8,CASP10,FADD,CFLAR"
"INTERPRO","DED_dom","4","142","7","20827","1.04e-5","3.82e-4","83.81","4.96e-3","3.58e-4","7.14e-8","CASP8,CASP10,FADD,CFLAR"
"GOTERM_CC_DIRECT","CD95 death-inducing signaling complex","4","142","6","20808","6.00e-6","9.60e-5","97.69","1.44e-3","8.00e-5","3.09e-8","CASP8,CASP10,FADD,CFLAR"
"GOTERM_CC_DIRECT","AIM2 inflammasome complex","4","142","4","20808","1.21e-6","2.24e-5","146.54","2.91e-4","1.87e-5","2.08e-9","PYCARD,AIM2,CASP1,CARD16"
"GOTERM_CC_DIRECT","IPAF inflammasome complex","4","142","4","20808","1.21e-6","2.24e-5","146.54","2.91e-4","1.87e-5","2.08e-9","CASP1,CARD16,NLRC4,NAIP"
"UP_KW_MOLECULAR_FUNCTION","Host cell receptor for virus entry","3","87","75","12059","1.00e-1","3.36e-1","5.54","9.80e-1","2.82e-1","1.69e-2","CD86,CD4,CD80"
"SMART","LRR_SD22","3","107","54","10704","9.98e-2","3.82e-1","5.56","1.00e+0","3.47e-1","1.67e-2","ERBIN,TLR4,TLR3"
"GOTERM_MF_DIRECT","p53 binding","3","142","72","19272","9.76e-2","3.89e-1","5.65","1.00e+0","3.39e-1","1.61e-2","RNF125,MAPKAPK5,TP53BP1"
"GOTERM_BP_DIRECT","negative regulation of TORC1 signaling","3","142","72","19512","9.56e-2","3.69e-1","5.73","1.00e+0","3.26e-1","1.56e-2","TBK1,SYK,CUL1"
"GOTERM_BP_DIRECT","negative regulation of autophagy","3","142","72","19512","9.56e-2","3.69e-1","5.73","1.00e+0","3.26e-1","1.56e-2","SYK,CUL1,BCL2L1"
"GOTERM_BP_DIRECT","epithelial cell proliferation","3","142","72","19512","9.56e-2","3.69e-1","5.73","1.00e+0","3.26e-1","1.56e-2","STK3,SAV1,BCL2L1"
"KEGG_PATHWAY","Circadian rhythm","3","142","34","9496","9.03e-2","1.93e-1","5.90","1.00e+0","1.15e-1","1.40e-2","FBXW11,CUL1,SKP1"
"GOTERM_BP_DIRECT","mitotic cytokinesis","3","142","69","19512","8.90e-2","3.52e-1","5.97","1.00e+0","3.11e-1","1.39e-2","EXOC7,EXOC2,ARF6"
"SMART","WW","3","107","50","10704","8.76e-2","3.82e-1","6.00","1.00e+0","3.47e-1","1.35e-2","ITCH,PIN1,SAV1"
"GOTERM_BP_DIRECT","cellular response to xenobiotic stimulus","3","142","67","19512","8.46e-2","3.39e-1","6.15","1.00e+0","3.00e-1","1.29e-2","AIM2,IL1B,TLR3"
"UP_SEQ_FEATURE","SITE:Cleavage; by autolysis","3","141","66","20669","7.38e-2","1.00e+0","6.66","1.00e+0","9.88e-1","1.04e-2","CARD8,CASP4,NLRP1"
"GOTERM_BP_DIRECT","SCF-dependent proteasomal ubiquitin-dependent protein catabolic process","3","142","61","19512","7.20e-2","3.03e-1","6.76","1.00e+0","2.68e-1","9.98e-3","FBXW11,CUL1,SKP1"
"GOTERM_CC_DIRECT","transcription repressor complex","3","142","65","20808","7.19e-2","2.93e-1","6.76","1.00e+0","2.44e-1","9.98e-3","TBL1XR1,TBL1X,RELB"
"INTERPRO","UBA-like_sf","3","142","61","20827","6.43e-2","3.01e-1","7.21","1.00e+0","2.82e-1","8.37e-3","LATS1,LATS2,CBLB"
"GOTERM_BP_DIRECT","cellular defense response","3","142","57","19512","6.39e-2","2.80e-1","7.23","1.00e+0","2.47e-1","8.29e-3","LY96,BCL10,LSP1"
"GOTERM_BP_DIRECT","regulation of immune system process","3","142","57","19512","6.39e-2","2.80e-1","7.23","1.00e+0","2.47e-1","8.29e-3","CASP8,CD40LG,CD80"
"GOTERM_BP_DIRECT","negative regulation of cytokine production involved in inflammatory response","3","142","57","19512","6.39e-2","2.80e-1","7.23","1.00e+0","2.47e-1","8.29e-3","PYCARD,MEFV,TLR4"
"GOTERM_CC_DIRECT","cytoplasmic microtubule","3","142","60","20808","6.25e-2","2.59e-1","7.33","1.00e+0","2.16e-1","8.02e-3","CYLD,FBXW11,BCL10"
"GOTERM_BP_DIRECT","neutrophil chemotaxis","3","142","56","19512","6.20e-2","2.79e-1","7.36","1.00e+0","2.47e-1","7.89e-3","FCER1G,SYK,IL1B"
"GOTERM_BP_DIRECT","cellular response to interleukin-1","3","142","56","19512","6.20e-2","2.79e-1","7.36","1.00e+0","2.47e-1","7.89e-3","PYCARD,CD40,TANK"
"GOTERM_BP_DIRECT","intrinsic apoptotic signaling pathway in response to DNA damage","3","142","56","19512","6.20e-2","2.79e-1","7.36","1.00e+0","2.47e-1","7.89e-3","CASP9,IKBKE,BCL2L1"
"GOTERM_BP_DIRECT","protein monoubiquitination","3","142","56","19512","6.20e-2","2.79e-1","7.36","1.00e+0","2.47e-1","7.89e-3","ITCH,CUL1,SKP1"
"UP_SEQ_FEATURE","DOMAIN:AGC-kinase C-terminal","3","141","59","20669","6.07e-2","9.74e-1","7.45","1.00e+0","9.62e-1","7.65e-3","LATS1,LATS2,PKN2"
"INTERPRO","AGC-kinase_C","3","142","59","20827","6.06e-2","2.86e-1","7.46","1.00e+0","2.68e-1","7.63e-3","LATS1,LATS2,PKN2"
"GOTERM_BP_DIRECT","ERK1 and ERK2 cascade","3","142","55","19512","6.01e-2","2.78e-1","7.50","1.00e+0","2.46e-1","7.51e-3","RAPGEF1,NOD1,TLR4"
"UP_SEQ_FEATURE","REPEAT:LRR 13","3","141","58","20669","5.89e-2","9.61e-1","7.58","1.00e+0","9.50e-1","7.29e-3","ERBIN,TLR4,TLR3"
"INTERPRO","SMAD_FHA_dom_sf","3","142","55","20827","5.35e-2","2.61e-1","8.00","1.00e+0","2.44e-1","6.28e-3","AFDN,IRF3,IRF7"
"GOTERM_BP_DIRECT","T cell proliferation","3","142","51","19512","5.25e-2","2.55e-1","8.08","1.00e+0","2.26e-1","6.09e-3","IL23A,CD3E,TNFSF13B"
"GOTERM_BP_DIRECT","positive regulation of protein-containing complex assembly","3","142","51","19512","5.25e-2","2.55e-1","8.08","1.00e+0","2.26e-1","6.09e-3","SYK,CLEC7A,BID"
"UP_SEQ_FEATURE","DOMAIN:UBA","3","141","54","20669","5.19e-2","8.90e-1","8.14","1.00e+0","8.79e-1","5.98e-3","LATS1,LATS2,CBLB"
"UP_SEQ_FEATURE","DISULFID:Redox-active","3","141","53","20669","5.02e-2","8.70e-1","8.30","1.00e+0","8.59e-1","5.67e-3","NLRP3,TXN,TXN2"
"INTERPRO","WW_dom","3","142","53","20827","5.01e-2","2.60e-1","8.30","1.00e+0","2.43e-1","5.67e-3","ITCH,PIN1,SAV1"
"GOTERM_BP_DIRECT","protein targeting","3","142","49","19512","4.89e-2","2.43e-1","8.41","1.00e+0","2.14e-1","5.44e-3","YWHAE,YWHAQ,ERBIN"
"GOTERM_BP_DIRECT","substantia nigra development","3","142","48","19512","4.71e-2","2.43e-1","8.59","1.00e+0","2.14e-1","5.14e-3","YWHAE,CASP5,YWHAQ"
"UP_SEQ_FEATURE","DOMAIN:WW","3","141","49","20669","4.35e-2","8.23e-1","8.97","1.00e+0","8.12e-1","4.55e-3","ITCH,PIN1,SAV1"
"INTERPRO","WW_dom_sf","3","142","49","20827","4.35e-2","2.43e-1","8.98","1.00e+0","2.28e-1","4.55e-3","ITCH,PIN1,SAV1"
"UP_SEQ_FEATURE","MOTIF:Effector region","3","141","48","20669","4.20e-2","8.23e-1","9.16","1.00e+0","8.12e-1","4.29e-3","RALA,RALB,RHOQ"
"UP_SEQ_FEATURE","REPEAT:LRR 14","3","141","48","20669","4.20e-2","8.23e-1","9.16","1.00e+0","8.12e-1","4.29e-3","ERBIN,TLR4,TLR3"
"GOTERM_BP_DIRECT","regulation of intracellular signal transduction","3","142","45","19512","4.19e-2","2.24e-1","9.16","1.00e+0","1.98e-1","4.28e-3","MAPKAPK5,BID,BCL2L1"
"GOTERM_MF_DIRECT","protein tyrosine kinase binding","3","142","44","19272","4.12e-2","2.26e-1","9.25","1.00e+0","1.97e-1","4.16e-3","CD4,CDH1,CD247"
"UP_SEQ_FEATURE","REPEAT:LRR 15","3","141","47","20669","4.04e-2","8.23e-1","9.36","1.00e+0","8.12e-1","4.05e-3","ERBIN,TLR4,TLR3"
"GOTERM_BP_DIRECT","cellular response to ionizing radiation","3","142","43","19512","3.86e-2","2.15e-1","9.59","1.00e+0","1.90e-1","3.76e-3","IFI16,BRCC3,TANK"
"GOTERM_BP_DIRECT","mRNA stabilization","3","142","43","19512","3.86e-2","2.15e-1","9.59","1.00e+0","1.90e-1","3.76e-3","TRAF3IP2,MAPKAPK2,IKBKE"
"SMART","RasGEF","3","107","31","10704","3.75e-2","2.54e-1","9.68","9.65e-1","2.31e-1","3.56e-3","RAPGEF1,RGL1,RGL2"
"INTERPRO","UBA","3","142","45","20827","3.73e-2","2.28e-1","9.78","1.00e+0","2.14e-1","3.57e-3","LATS1,LATS2,CBLB"
"GOTERM_BP_DIRECT","spleen development","3","142","42","19512","3.70e-2","2.08e-1","9.81","1.00e+0","1.83e-1","3.52e-3","TRAF3IP2,BCL3,FADD"
"GOTERM_MF_DIRECT","SH2 domain binding","3","142","41","19272","3.62e-2","2.03e-1","9.93","1.00e+0","1.77e-1","3.40e-3","SYK,LCK,SKAP1"
"SMART","RA","3","107","30","10704","3.53e-2","2.54e-1","10.00","9.58e-1","2.31e-1","3.24e-3","AFDN,RGL1,RGL2"
"GOTERM_MF_DIRECT","ADP binding","3","142","40","19272","3.46e-2","1.97e-1","10.18","1.00e+0","1.72e-1","3.17e-3","APAF1,NLRP3,NOD2"
"GOTERM_MF_DIRECT","phosphoprotein binding","3","142","40","19272","3.46e-2","1.97e-1","10.18","1.00e+0","1.72e-1","3.17e-3","YWHAE,TBK1,PIN1"
"GOTERM_MF_DIRECT","ribonucleoprotein complex binding","3","142","39","19272","3.30e-2","1.95e-1","10.44","1.00e+0","1.70e-1","2.95e-3","IFIH1,ITCH,RNASEL"
"GOTERM_BP_DIRECT","positive regulation of multicellular organismal process","3","142","38","19512","3.08e-2","1.79e-1","10.85","1.00e+0","1.58e-1","2.64e-3","CD4,CD40,LCK"
"UP_SEQ_FEATURE","REPEAT:LRR 16","3","141","40","20669","3.00e-2","7.48e-1","10.99","1.00e+0","7.38e-1","2.55e-3","ERBIN,TLR4,TLR3"
"UP_SEQ_FEATURE","DOMAIN:Ras-associating","3","141","40","20669","3.00e-2","7.48e-1","10.99","1.00e+0","7.38e-1","2.55e-3","AFDN,RGL1,RGL2"
"INTERPRO","RA_dom","3","142","40","20827","3.00e-2","1.96e-1","11.00","1.00e+0","1.84e-1","2.55e-3","AFDN,RGL1,RGL2"
"GOTERM_BP_DIRECT","homeostasis of number of cells","3","142","37","19512","2.93e-2","1.71e-1","11.14","1.00e+0","1.51e-1","2.45e-3","CYLD,LAT,CARD11"
"GOTERM_BP_DIRECT","negative regulation of protein binding","3","142","37","19512","2.93e-2","1.71e-1","11.14","1.00e+0","1.51e-1","2.45e-3","RALB,PIN1,CARD16"
"GOTERM_BP_DIRECT","positive regulation of intrinsic apoptotic signaling pathway","3","142","37","19512","2.93e-2","1.71e-1","11.14","1.00e+0","1.51e-1","2.45e-3","LCK,SIAH1,BID"
"GOTERM_BP_DIRECT","macrophage differentiation","3","142","37","19512","2.93e-2","1.71e-1","11.14","1.00e+0","1.51e-1","2.45e-3","CD4,CASP8,CFLAR"
"GOTERM_BP_DIRECT","intrinsic apoptotic signaling pathway in response to DNA damage by p53 class mediator","3","142","34","19512","2.50e-2","1.55e-1","12.12","1.00e+0","1.37e-1","1.91e-3","PYCARD,IFI16,BCL3"
"GOTERM_MF_DIRECT","molecular function inhibitor activity","3","142","33","19272","2.42e-2","1.48e-1","12.34","1.00e+0","1.29e-1","1.82e-3","YWHAE,BEX3,TANK"
"GOTERM_BP_DIRECT","leukocyte cell-cell adhesion","3","142","33","19512","2.37e-2","1.48e-1","12.49","1.00e+0","1.31e-1","1.75e-3","ZAP70,CD40LG,SYK"
"UP_SEQ_FEATURE","REPEAT:LRR 17","3","141","35","20669","2.34e-2","6.59e-1","12.56","1.00e+0","6.51e-1","1.73e-3","ERBIN,TLR4,TLR3"
"INTERPRO","Pkinase_C","3","142","35","20827","2.34e-2","1.80e-1","12.57","1.00e+0","1.69e-1","1.73e-3","LATS1,LATS2,PKN2"
"GOTERM_BP_DIRECT","regulation of innate immune response","3","142","32","19512","2.23e-2","1.41e-1","12.88","1.00e+0","1.25e-1","1.60e-3","TKFC,CASP8,DHX58"
"UP_SEQ_FEATURE","SITE:Cleavage; by caspase-3","3","141","34","20669","2.22e-2","6.46e-1","12.93","1.00e+0","6.38e-1","1.59e-3","CDH1,PKN2,STK3"
"GOTERM_BP_DIRECT","vascular endothelial growth factor receptor signaling pathway","3","142","31","19512","2.10e-2","1.37e-1","13.30","1.00e+0","1.21e-1","1.46e-3","MAPKAPK2,HSPB1,FYN"
"INTERPRO","HSP20-like_chaperone","3","142","32","20827","1.98e-2","1.60e-1","13.75","1.00e+0","1.50e-1","1.33e-3","HSPB1,CACYBP,SUGT1"
"GOTERM_BP_DIRECT","negative regulation of extrinsic apoptotic signaling pathway via death domain receptors","3","142","30","19512","1.98e-2","1.33e-1","13.74","1.00e+0","1.18e-1","1.33e-3","DDX3X,CFLAR,BCL2L1"
"GOTERM_BP_DIRECT","positive regulation of protein kinase activity","3","142","30","19512","1.98e-2","1.33e-1","13.74","1.00e+0","1.18e-1","1.33e-3","CD4,TRAF4,LAT"
"GOTERM_BP_DIRECT","natural killer cell activation","3","142","30","19512","1.98e-2","1.33e-1","13.74","1.00e+0","1.18e-1","1.33e-3","CASP8,IFNK,FYN"
"GOTERM_BP_DIRECT","defense response to protozoan","3","142","30","19512","1.98e-2","1.33e-1","13.74","1.00e+0","1.18e-1","1.33e-3","CD40,CLEC7A,BCL3"
"INTERPRO","RASGEF_cat_dom","3","142","31","20827","1.86e-2","1.56e-1","14.19","1.00e+0","1.46e-1","1.21e-3","RAPGEF1,RGL1,RGL2"
"INTERPRO","Ras_GEF_dom_sf","3","142","31","20827","1.86e-2","1.56e-1","14.19","1.00e+0","1.46e-1","1.21e-3","RAPGEF1,RGL1,RGL2"
"INTERPRO","RASGEF_cat_dom_sf","3","142","31","20827","1.86e-2","1.56e-1","14.19","1.00e+0","1.46e-1","1.21e-3","RAPGEF1,RGL1,RGL2"
"GOTERM_BP_DIRECT","vesicle docking involved in exocytosis","3","142","29","19512","1.85e-2","1.27e-1","14.21","1.00e+0","1.13e-1","1.20e-3","EXOC7,EXOC2,ARF6"
"GOTERM_BP_DIRECT","protein targeting to mitochondrion","3","142","29","19512","1.85e-2","1.27e-1","14.21","1.00e+0","1.13e-1","1.20e-3","PIN1,MFN2,BID"
"GOTERM_BP_DIRECT","positive regulation of activated T cell proliferation","3","142","29","19512","1.85e-2","1.27e-1","14.21","1.00e+0","1.13e-1","1.20e-3","PYCARD,IL23A,FADD"
"GOTERM_BP_DIRECT","cGAS/STING signaling pathway","3","142","29","19512","1.85e-2","1.27e-1","14.21","1.00e+0","1.13e-1","1.20e-3","TBK1,STING1,IRF3"
"GOTERM_BP_DIRECT","negative regulation of protein localization to nucleus","3","142","29","19512","1.85e-2","1.27e-1","14.21","1.00e+0","1.13e-1","1.20e-3","LATS1,LATS2,CTNNA1"
"SMART","RasGEFN","3","107","21","10704","1.80e-2","1.76e-1","14.29","7.99e-1","1.60e-1","1.13e-3","RAPGEF1,RGL1,RGL2"
"GOTERM_CC_DIRECT","phagocytic cup","3","142","30","20808","1.75e-2","1.00e-1","14.65","9.86e-1","8.34e-2","1.10e-3","TRIP10,CLEC4E,TLR4"
"UP_SEQ_FEATURE","DOMAIN:Ras-GEF","3","141","30","20669","1.75e-2","5.57e-1","14.66","1.00e+0","5.50e-1","1.10e-3","RAPGEF1,RGL1,RGL2"
"GOTERM_BP_DIRECT","protein complex oligomerization","3","142","27","19512","1.62e-2","1.14e-1","15.27","1.00e+0","1.01e-1","9.71e-4","IFIH1,STING1,CD247"
"GOTERM_BP_DIRECT","protein autoprocessing","3","142","26","19512","1.50e-2","1.07e-1","15.85","1.00e+0","9.42e-2","8.68e-4","CASP4,CASP1,CARD16"
"GOTERM_BP_DIRECT","negative regulation of hippo signaling","3","142","25","19512","1.40e-2","1.02e-1","16.49","1.00e+0","8.97e-2","7.72e-4","SIKE1,LIMD1,SAV1"
"GOTERM_BP_DIRECT","regulation of protein-containing complex assembly","3","142","25","19512","1.40e-2","1.02e-1","16.49","1.00e+0","8.97e-2","7.72e-4","LATS1,TICAM1,IKBKE"
"GOTERM_MF_DIRECT","protein serine/threonine kinase binding","3","142","24","19272","1.32e-2","9.10e-2","16.96","9.88e-1","7.92e-2","7.08e-4","MAVS,STING1,NAIP"
"GOTERM_BP_DIRECT","Fc-epsilon receptor signaling pathway","3","142","24","19512","1.29e-2","9.60e-2","17.18","1.00e+0","8.48e-2","6.83e-4","FCER1G,SYK,FCER1A"
"INTERPRO","Ras-like_GEF","3","142","25","20827","1.23e-2","1.21e-1","17.60","9.97e-1","1.14e-1","6.39e-4","RAPGEF1,RGL1,RGL2"
"GOTERM_MF_DIRECT","phospholipase binding","3","142","23","19272","1.22e-2","8.75e-2","17.70","9.83e-1","7.61e-2","6.23e-4","SYK,LCK,FYN"
"GOTERM_BP_DIRECT","stimulatory C-type lectin receptor signaling pathway","3","142","23","19512","1.19e-2","9.04e-2","17.92","1.00e+0","7.99e-2","6.01e-4","SYK,CLEC7A,FYN"
"GOTERM_BP_DIRECT","positive regulation of proteolysis","3","142","22","19512","1.09e-2","8.34e-2","18.74","1.00e+0","7.37e-2","5.25e-4","CASP8,FBXW11,FADD"
"GOTERM_BP_DIRECT","defense response to other organism","3","142","22","19512","1.09e-2","8.34e-2","18.74","1.00e+0","7.37e-2","5.25e-4","PYCARD,TBK1,FADD"
"UP_SEQ_FEATURE","DOMAIN:N-terminal Ras-GEF","3","141","23","20669","1.05e-2","4.46e-1","19.12","1.00e+0","4.40e-1","4.98e-4","RAPGEF1,RGL1,RGL2"
"INTERPRO","Ras-like_Gua-exchang_fac_N","3","142","23","20827","1.05e-2","1.21e-1","19.13","9.93e-1","1.14e-1","4.97e-4","RAPGEF1,RGL1,RGL2"
"GOTERM_BP_DIRECT","positive regulation of stress-activated MAPK cascade","3","142","21","19512","9.95e-3","7.75e-2","19.63","1.00e+0","6.85e-2","4.56e-4","NOD1,NOD2,TLR4"
"GOTERM_MF_DIRECT","peptidoglycan binding","3","142","20","19272","9.26e-3","6.81e-2","20.36","9.54e-1","5.93e-2","4.07e-4","NLRP3,NOD1,NOD2"
"GOTERM_BP_DIRECT","positive regulation of tumor necrosis factor-mediated signaling pathway","3","142","19","19512","8.18e-3","6.52e-2","21.70","1.00e+0","5.76e-2","3.36e-4","CASP4,CASP1,CARD16"
"GOTERM_BP_DIRECT","response to other organism","3","142","19","19512","8.18e-3","6.52e-2","21.70","1.00e+0","5.76e-2","3.36e-4","BCL3,MEFV,BCL2L1"
"GOTERM_CC_DIRECT","plasma membrane protein complex","3","142","18","20808","6.50e-3","4.33e-2","24.42","7.91e-1","3.61e-2","2.36e-4","FCER1G,CTNNA1,CD247"
"GOTERM_MF_DIRECT","NAD+ nucleosidase activity, cyclic ADP-ribose generating","3","142","16","19272","5.96e-3","4.81e-2","25.45","8.62e-1","4.19e-2","2.04e-4","IL1R1,IL1RAP,TLR4"
"GOTERM_BP_DIRECT","positive regulation of monocyte chemotactic protein-1 production","3","142","15","19512","5.12e-3","4.31e-2","27.48","9.99e-1","3.81e-2","1.61e-4","SYK,CLEC7A,IL1B"
"GOTERM_BP_DIRECT","regulation of interleukin-1 beta production","3","142","15","19512","5.12e-3","4.31e-2","27.48","9.99e-1","3.81e-2","1.61e-4","CASP1,CARD16,MEFV"
"GOTERM_MF_DIRECT","kinase activator activity","3","142","14","19272","4.57e-3","4.03e-2","29.08","7.80e-1","3.50e-2","1.34e-4","MOB1B,MOB1A,BCL10"
"GOTERM_BP_DIRECT","positive regulation of heterotypic cell-cell adhesion","3","142","14","19512","4.46e-3","3.86e-2","29.44","9.98e-1","3.41e-2","1.30e-4","LCK,IL1B,SKAP1"
"GOTERM_BP_DIRECT","cellular response to oxidised low-density lipoprotein particle stimulus","3","142","14","19512","4.46e-3","3.86e-2","29.44","9.98e-1","3.41e-2","1.30e-4","TXNIP,TICAM1,TLR4"
"GOTERM_MF_DIRECT","caspase binding","3","142","13","19272","3.93e-3","3.62e-2","31.32","7.29e-1","3.15e-2","1.06e-4","CARD16,FADD,NLRC4"
"GOTERM_MF_DIRECT","T cell receptor binding","3","142","13","19272","3.93e-3","3.62e-2","31.32","7.29e-1","3.15e-2","1.06e-4","LCK,FYN,CD3E"
"INTERPRO","Ras_G-nucl-exch_fac_CS","3","142","14","20827","3.93e-3","5.68e-2","31.43","8.47e-1","5.32e-2","1.07e-4","RAPGEF1,RGL1,RGL2"
"GOTERM_BP_DIRECT","response to muramyl dipeptide","3","142","13","19512","3.84e-3","3.45e-2","31.71","9.94e-1","3.05e-2","1.02e-4","ERBIN,NLRP1,NOD2"
"SMART","ITAM","3","107","9","10704","3.34e-3","4.90e-2","33.35","2.55e-1","4.46e-2","7.81e-5","FCER1G,CD247,CD3E"
"GOTERM_BP_DIRECT","positive regulation of immune system process","3","142","12","19512","3.26e-3","2.99e-2","34.35","9.88e-1","2.64e-2","7.91e-5","ITCH,CD4,TLR3"
"INTERPRO","Grb2-like","3","142","12","20827","2.87e-3","4.42e-2","36.67","7.47e-1","4.14e-2","6.53e-5","LCK,GRAP2,FYN"
"GOTERM_BP_DIRECT","TRIF-dependent toll-like receptor signaling pathway","3","142","11","19512","2.73e-3","2.56e-2","37.48","9.75e-1","2.26e-2","5.97e-5","IRF3,TICAM1,TLR4"
"GOTERM_BP_DIRECT","cell surface pattern recognition receptor signaling pathway","3","142","11","19512","2.73e-3","2.56e-2","37.48","9.75e-1","2.26e-2","5.97e-5","SYK,CLEC7A,CD14"
"GOTERM_BP_DIRECT","self proteolysis","3","142","11","19512","2.73e-3","2.56e-2","37.48","9.75e-1","2.26e-2","5.97e-5","CASP8,CARD8,NLRP1"
"GOTERM_BP_DIRECT","CD40 signaling pathway","3","142","10","19512","2.25e-3","2.19e-2","41.22","9.52e-1","1.94e-2","4.36e-5","CD40,CD40LG,TRAF3IP2"
"GOTERM_BP_DIRECT","T-helper 1 type immune response","3","142","10","19512","2.25e-3","2.19e-2","41.22","9.52e-1","1.94e-2","4.36e-5","BCL3,TLR4,RELB"
"INTERPRO","Phos_immunorcpt_sig_ITAM","3","142","10","20827","1.98e-3","3.49e-2","44.00","6.11e-1","3.27e-2","3.60e-5","FCER1G,CD247,CD3E"
"GOTERM_BP_DIRECT","regulation of apoptotic signaling pathway","3","142","9","19512","1.81e-3","1.82e-2","45.80","9.12e-1","1.60e-2","3.07e-5","SIAH1,BID,BCL2L1"
"GOTERM_BP_DIRECT","lymphocyte activation","3","142","9","19512","1.81e-3","1.82e-2","45.80","9.12e-1","1.60e-2","3.07e-5","CD86,CD3E,CARD11"
"GOTERM_BP_DIRECT","regulation of organ growth","3","142","9","19512","1.81e-3","1.82e-2","45.80","9.12e-1","1.60e-2","3.07e-5","LATS1,LATS2,SAV1"
"GOTERM_BP_DIRECT","positive regulation of adaptive immune response","3","142","8","19512","1.41e-3","1.46e-2","51.53","8.51e-1","1.29e-2","2.06e-5","PYCARD,FADD,SKAP1"
"GOTERM_MF_DIRECT","lipopolysaccharide immune receptor activity","3","142","7","19272","1.09e-3","1.50e-2","58.16","3.03e-1","1.31e-2","1.34e-5","LY96,CD14,TLR4"
"GOTERM_CC_DIRECT","death-inducing signaling complex","3","142","7","20808","9.36e-4","8.32e-3","62.80","2.01e-1","6.94e-3","1.07e-5","CASP8,FADD,CFLAR"
"GOTERM_BP_DIRECT","positive regulation of T cell anergy","3","142","6","19512","7.63e-4","8.43e-3","68.70","6.42e-1","7.44e-3","7.43e-6","ITCH,CBLB,CD3E"
"GOTERM_MF_DIRECT","IgE binding","3","142","5","19272","5.24e-4","7.56e-3","81.43","1.59e-1","6.58e-3","3.87e-6","FCER1G,FCER1A,MS4A2"
"GOTERM_BP_DIRECT","positive regulation of mast cell cytokine production","3","142","5","19512","5.11e-4","5.99e-3","82.45","4.98e-1","5.29e-3","3.73e-6","FCER1G,SYK,BCL10"
"UP_KW_MOLECULAR_FUNCTION","IgE-binding protein","3","87","5","12059","4.96e-4","9.17e-3","83.17","1.82e-2","7.68e-3","3.59e-6","FCER1G,FCER1A,MS4A2"
"GOTERM_CC_DIRECT","lipopolysaccharide receptor complex","3","142","5","20808","4.50e-4","4.69e-3","87.92","1.02e-1","3.91e-3","3.08e-6","LY96,CD14,TLR4"
"GOTERM_MF_DIRECT","death effector domain binding","3","142","4","19272","3.16e-4","5.50e-3","101.79","9.93e-2","4.79e-3","1.56e-6","CASP8,CASP10,FADD"
"GOTERM_BP_DIRECT","T cell anergy","3","142","4","19512","3.08e-4","3.79e-3","103.06","3.40e-1","3.35e-3","1.50e-6","ITCH,CBLB,CD3E"
"GOTERM_BP_DIRECT","MDA-5 signaling pathway","3","142","4","19512","3.08e-4","3.79e-3","103.06","3.40e-1","3.35e-3","1.50e-6","IFIH1,IRF3,IRF7"
"GOTERM_BP_DIRECT","T cell differentiation involved in immune response","3","142","4","19512","3.08e-4","3.79e-3","103.06","3.40e-1","3.35e-3","1.50e-6","CLEC4D,FCER1G,CLEC4E"
"UP_SEQ_FEATURE","MOTIF:pLxIS motif","3","141","4","20669","2.71e-4","2.33e-2","109.94","3.72e-1","2.30e-2","1.24e-6","MAVS,STING1,TICAM1"
"GOTERM_BP_DIRECT","AIM2 inflammasome complex assembly","3","142","3","19512","1.55e-4","2.15e-3","137.41","1.88e-1","1.90e-3","3.77e-7","AIM2,CASP1,CARD16"
"GOTERM_BP_DIRECT","detection of biotic stimulus","3","142","3","19512","1.55e-4","2.15e-3","137.41","1.88e-1","1.90e-3","3.77e-7","NLRP3,NOD1,NOD2"
"GOTERM_BP_DIRECT","dendritic cell proliferation","3","142","3","19512","1.55e-4","2.15e-3","137.41","1.88e-1","1.90e-3","3.77e-7","TBK1,AZI2,BCL2L1"
"GOTERM_CC_DIRECT","apoptosome","3","142","3","20808","1.36e-4","1.72e-3","146.54","3.22e-2","1.43e-3","3.11e-7","CASP9,APAF1,CYCS"
"UP_SEQ_FEATURE","DOMAIN:DED 2","3","141","3","20669","1.36e-4","1.46e-2","146.59","2.08e-1","1.44e-2","3.11e-7","CASP8,CASP10,CFLAR"
"UP_SEQ_FEATURE","MUTAGEN:Q->A: Complete loss of cleavage by Seneca Valley virus protease 3C.","3","141","3","20669","1.36e-4","1.46e-2","146.59","2.08e-1","1.44e-2","3.11e-7","MAVS,TICAM1,TANK"
"UP_SEQ_FEATURE","SITE:(Microbial infection) Cleavage; by viral Seneca Valley virus protease 3C","3","141","3","20669","1.36e-4","1.46e-2","146.59","2.08e-1","1.44e-2","3.11e-7","MAVS,TICAM1,TANK"
"UP_SEQ_FEATURE","MUTAGEN:Q->A: No effect on cleavage by Seneca Valley virus protease 3C.","3","141","3","20669","1.36e-4","1.46e-2","146.59","2.08e-1","1.44e-2","3.11e-7","MAVS,TICAM1,TANK"
"UP_SEQ_FEATURE","DOMAIN:DED 1","3","141","3","20669","1.36e-4","1.46e-2","146.59","2.08e-1","1.44e-2","3.11e-7","CASP8,CASP10,CFLAR"
"UP_SEQ_FEATURE","REGION:Interaction with TBK1 and IKBKE","3","141","3","20669","1.36e-4","1.46e-2","146.59","2.08e-1","1.44e-2","3.11e-7","TBKBP1,AZI2,TANK"
"INTERPRO","TBD","3","142","3","20827","1.36e-4","3.81e-3","146.67","6.28e-2","3.57e-3","3.10e-7","TBKBP1,AZI2,TANK"
"INTERPRO","NLRP_Inflammasome","3","142","3","20827","1.36e-4","3.81e-3","146.67","6.28e-2","3.57e-3","3.10e-7","PYCARD,CARD8,NLRP1"
"UP_SEQ_FEATURE","REGION:Homodimerization","2","141","15","20669","9.70e-2","1.00e+0","19.55","1.00e+0","9.88e-1","4.58e-3","TBKBP1,AZI2"
"INTERPRO","NLRP_innate_immun_reg","2","142","15","20827","9.69e-2","3.94e-1","19.56","1.00e+0","3.69e-1","4.57e-3","NLRP3,NLRP1"
"INTERPRO","Ser_Thr_kinase_AGC","2","142","15","20827","9.69e-2","3.94e-1","19.56","1.00e+0","3.69e-1","4.57e-3","LATS1,LATS2"
"INTERPRO","TRAF-like","2","142","15","20827","9.69e-2","3.94e-1","19.56","1.00e+0","3.69e-1","4.57e-3","TRAF4,SIAH1"
"INTERPRO","Bcl-2-like_sf","2","142","15","20827","9.69e-2","3.94e-1","19.56","1.00e+0","3.69e-1","4.57e-3","BID,BCL2L1"
"INTERPRO","Dynamin_N","2","142","15","20827","9.69e-2","3.94e-1","19.56","1.00e+0","3.69e-1","4.57e-3","MFN1,MFN2"
"GOTERM_BP_DIRECT","regulation of tumor necrosis factor production","2","142","14","19512","9.66e-2","3.69e-1","19.63","1.00e+0","3.26e-1","4.52e-3","MAPKAPK2,TLR4"
"GOTERM_BP_DIRECT","leukocyte activation","2","142","14","19512","9.66e-2","3.69e-1","19.63","1.00e+0","3.26e-1","4.52e-3","CLEC7A,TLR4"
"GOTERM_BP_DIRECT","nucleotide-binding oligomerization domain containing 2 signaling pathway","2","142","14","19512","9.66e-2","3.69e-1","19.63","1.00e+0","3.26e-1","4.52e-3","NOD2,TLR4"
"GOTERM_BP_DIRECT","negative regulation of cell motility","2","142","14","19512","9.66e-2","3.69e-1","19.63","1.00e+0","3.26e-1","4.52e-3","CTNNA1,PIN1"
"GOTERM_BP_DIRECT","negative regulation of lipopolysaccharide-mediated signaling pathway","2","142","14","19512","9.66e-2","3.69e-1","19.63","1.00e+0","3.26e-1","4.52e-3","CARD8,CARD16"
"SMART","IRF","2","107","10","10704","9.48e-2","3.82e-1","20.01","1.00e+0","3.47e-1","4.23e-3","IRF3,IRF7"
"GOTERM_MF_DIRECT","gamma-catenin binding","2","142","13","19272","9.11e-2","3.77e-1","20.88","1.00e+0","3.28e-1","3.99e-3","CDH1,CTNNA1"
"UP_SEQ_FEATURE","DOMAIN:Dynamin-type G","2","141","14","20669","9.08e-2","1.00e+0","20.94","1.00e+0","9.88e-1","3.98e-3","MFN1,MFN2"
"INTERPRO","G_DYNAMIN_dom","2","142","14","20827","9.07e-2","3.90e-1","20.95","1.00e+0","3.65e-1","3.98e-3","MFN1,MFN2"
"GOTERM_BP_DIRECT","positive regulation of T-helper 17 type immune response","2","142","13","19512","9.00e-2","3.52e-1","21.14","1.00e+0","3.11e-1","3.89e-3","CLEC7A,IL23A"
"GOTERM_BP_DIRECT","regulation of T cell activation","2","142","13","19512","9.00e-2","3.52e-1","21.14","1.00e+0","3.11e-1","3.89e-3","CD4,LAT"
"GOTERM_BP_DIRECT","negative regulation of CD4-positive, alpha-beta T cell proliferation","2","142","13","19512","9.00e-2","3.52e-1","21.14","1.00e+0","3.11e-1","3.89e-3","ITCH,CBLB"
"GOTERM_BP_DIRECT","positive regulation of interleukin-5 production","2","142","13","19512","9.00e-2","3.52e-1","21.14","1.00e+0","3.11e-1","3.89e-3","NLRP3,IL1RAP"
"GOTERM_BP_DIRECT","ossification involved in bone maturation","2","142","13","19512","9.00e-2","3.52e-1","21.14","1.00e+0","3.11e-1","3.89e-3","DCHS1,FAT4"
"GOTERM_BP_DIRECT","positive thymic T cell selection","2","142","13","19512","9.00e-2","3.52e-1","21.14","1.00e+0","3.11e-1","3.89e-3","ZAP70,CD3E"
"GOTERM_BP_DIRECT","neutrophil activation involved in immune response","2","142","13","19512","9.00e-2","3.52e-1","21.14","1.00e+0","3.11e-1","3.89e-3","FCER1G,SYK"
"GOTERM_CC_DIRECT","beta-catenin destruction complex","2","142","13","20808","8.46e-2","3.22e-1","22.54","1.00e+0","2.69e-1","3.43e-3","SIAH1,CACYBP"
"GOTERM_CC_DIRECT","alpha-beta T cell receptor complex","2","142","13","20808","8.46e-2","3.22e-1","22.54","1.00e+0","2.69e-1","3.43e-3","CD247,CD3E"
"UP_SEQ_FEATURE","DOMAIN:REM-1","2","141","13","20669","8.46e-2","1.00e+0","22.55","1.00e+0","9.88e-1","3.43e-3","TRIP10,PKN2"
"INTERPRO","Cullin_repeat-like_dom_sf","2","142","13","20827","8.45e-2","3.67e-1","22.56","1.00e+0","3.44e-1","3.43e-3","EXOC7,CUL1"
"INTERPRO","HR1_rho-bd","2","142","13","20827","8.45e-2","3.67e-1","22.56","1.00e+0","3.44e-1","3.43e-3","TRIP10,PKN2"
"INTERPRO","Cadherin-domain_protein","2","142","13","20827","8.45e-2","3.67e-1","22.56","1.00e+0","3.44e-1","3.43e-3","DCHS1,FAT4"
"GOTERM_MF_DIRECT","carbohydrate derivative binding","2","142","12","19272","8.44e-2","3.58e-1","22.62","1.00e+0","3.12e-1","3.39e-3","NOD1,NOD2"
"GOTERM_MF_DIRECT","transcription regulator activator activity","2","142","12","19272","8.44e-2","3.58e-1","22.62","1.00e+0","3.12e-1","3.39e-3","STK3,SAV1"
"GOTERM_MF_DIRECT","ubiquitin ligase activator activity","2","142","12","19272","8.44e-2","3.58e-1","22.62","1.00e+0","3.12e-1","3.39e-3","PIN1,SKP1"
"GOTERM_BP_DIRECT","negative thymic T cell selection","2","142","12","19512","8.34e-2","3.35e-1","22.90","1.00e+0","2.96e-1","3.31e-3","ZAP70,CD3E"
"GOTERM_BP_DIRECT","T follicular helper cell differentiation","2","142","12","19512","8.34e-2","3.35e-1","22.90","1.00e+0","2.96e-1","3.31e-3","TBK1,ICOS"
"PIR_SUPERFAMILY","14-3-3","2","24","7","1941","8.02e-2","3.21e-1","23.11","7.37e-1","3.21e-1","2.96e-3","YWHAE,YWHAQ"
"PIR_SUPERFAMILY","Toll-like_receptor","2","24","7","1941","8.02e-2","3.21e-1","23.11","7.37e-1","3.21e-1","2.96e-3","TLR4,TLR3"
"UP_SEQ_FEATURE","DOMAIN:Cadherin 9","2","141","12","20669","7.83e-2","1.00e+0","24.43","1.00e+0","9.88e-1","2.92e-3","DCHS1,FAT4"
"UP_SEQ_FEATURE","DOMAIN:Cadherin 8","2","141","12","20669","7.83e-2","1.00e+0","24.43","1.00e+0","9.88e-1","2.92e-3","DCHS1,FAT4"
"GOTERM_MF_DIRECT","GTPase activating protein binding","2","142","11","19272","7.76e-2","3.43e-1","24.68","1.00e+0","2.98e-1","2.84e-3","CDH1,PIN1"
"GOTERM_MF_DIRECT","phospholipase activator activity","2","142","11","19272","7.76e-2","3.43e-1","24.68","1.00e+0","2.98e-1","2.84e-3","LCK,FYN"
"GOTERM_BP_DIRECT","mitochondrion localization","2","142","11","19512","7.67e-2","3.11e-1","24.98","1.00e+0","2.75e-1","2.77e-3","MFN1,MFN2"
"GOTERM_BP_DIRECT","cell activation","2","142","11","19512","7.67e-2","3.11e-1","24.98","1.00e+0","2.75e-1","2.77e-3","SYK,CLEC7A"
"GOTERM_BP_DIRECT","regulation of protein localization to nucleus","2","142","11","19512","7.67e-2","3.11e-1","24.98","1.00e+0","2.75e-1","2.77e-3","PIN1,NF2"
"GOTERM_BP_DIRECT","B cell apoptotic process","2","142","11","19512","7.67e-2","3.11e-1","24.98","1.00e+0","2.75e-1","2.77e-3","TRAF3IP2,BCL10"
"GOTERM_BP_DIRECT","regulation of B cell differentiation","2","142","11","19512","7.67e-2","3.11e-1","24.98","1.00e+0","2.75e-1","2.77e-3","CYLD,CARD11"
"GOTERM_BP_DIRECT","positive regulation of mast cell degranulation","2","142","11","19512","7.67e-2","3.11e-1","24.98","1.00e+0","2.75e-1","2.77e-3","FCER1G,SYK"
"GOTERM_BP_DIRECT","regulation of type I interferon production","2","142","11","19512","7.67e-2","3.11e-1","24.98","1.00e+0","2.75e-1","2.77e-3","TBK1,IRF7"
"GOTERM_BP_DIRECT","gamma-delta T cell activation","2","142","11","19512","7.67e-2","3.11e-1","24.98","1.00e+0","2.75e-1","2.77e-3","CD247,CD3E"
"GOTERM_BP_DIRECT","positive regulation of epithelial cell apoptotic process","2","142","11","19512","7.67e-2","3.11e-1","24.98","1.00e+0","2.75e-1","2.77e-3","CUL1,SKP1"
"GOTERM_BP_DIRECT","positive regulation of lipopolysaccharide-mediated signaling pathway","2","142","11","19512","7.67e-2","3.11e-1","24.98","1.00e+0","2.75e-1","2.77e-3","LY96,CD14"
"GOTERM_BP_DIRECT","cellular response to lipoteichoic acid","2","142","11","19512","7.67e-2","3.11e-1","24.98","1.00e+0","2.75e-1","2.77e-3","CD14,TLR4"
"SMART","Mob1_phocein","2","107","8","10704","7.66e-2","3.74e-1","25.01","9.99e-1","3.40e-1","2.67e-3","MOB1B,MOB1A"
"SMART","IRF-3","2","107","8","10704","7.66e-2","3.74e-1","25.01","9.99e-1","3.40e-1","2.67e-3","IRF3,IRF7"
"UP_SEQ_FEATURE","DOMAIN:ITAM","2","141","11","20669","7.21e-2","1.00e+0","26.65","1.00e+0","9.88e-1","2.44e-3","FCER1G,CD3E"
"INTERPRO","IL-1_rcpt_fam","2","142","11","20827","7.20e-2","3.24e-1","26.67","1.00e+0","3.04e-1","2.44e-3","IL1R1,IL1RAP"
"GOTERM_MF_DIRECT","thioesterase binding","2","142","10","19272","7.08e-2","3.21e-1","27.14","1.00e+0","2.79e-1","2.33e-3","TRAF4,ARF6"
"GOTERM_BP_DIRECT","cellular response to muramyl dipeptide","2","142","10","19512","7.00e-2","2.95e-1","27.48","1.00e+0","2.61e-1","2.28e-3","NOD1,NOD2"
"GOTERM_BP_DIRECT","interleukin-17-mediated signaling pathway","2","142","10","19512","7.00e-2","2.95e-1","27.48","1.00e+0","2.61e-1","2.28e-3","TRAF3IP2,IKBKE"
"GOTERM_BP_DIRECT","mitotic cell cycle phase transition","2","142","10","19512","7.00e-2","2.95e-1","27.48","1.00e+0","2.61e-1","2.28e-3","LATS1,LATS2"
"GOTERM_BP_DIRECT","type 2 immune response","2","142","10","19512","7.00e-2","2.95e-1","27.48","1.00e+0","2.61e-1","2.28e-3","TRAF3IP2,FCER1A"
"GOTERM_BP_DIRECT","positive regulation of CD4-positive, alpha-beta T cell proliferation","2","142","10","19512","7.00e-2","2.95e-1","27.48","1.00e+0","2.61e-1","2.28e-3","CD3E,CARD11"
"GOTERM_BP_DIRECT","germinal center formation","2","142","10","19512","7.00e-2","2.95e-1","27.48","1.00e+0","2.61e-1","2.28e-3","BCL3,TNFSF13B"
"GOTERM_BP_DIRECT","positive regulation of protein K63-linked ubiquitination","2","142","10","19512","7.00e-2","2.95e-1","27.48","1.00e+0","2.61e-1","2.28e-3","DDX3X,NOD2"
"GOTERM_BP_DIRECT","positive regulation of B cell activation","2","142","10","19512","7.00e-2","2.95e-1","27.48","1.00e+0","2.61e-1","2.28e-3","NOD2,TICAM1"
"GOTERM_BP_DIRECT","positive regulation of natural killer cell activation","2","142","10","19512","7.00e-2","2.95e-1","27.48","1.00e+0","2.61e-1","2.28e-3","IL23A,TICAM1"
"GOTERM_BP_DIRECT","alpha-beta T cell activation","2","142","10","19512","7.00e-2","2.95e-1","27.48","1.00e+0","2.61e-1","2.28e-3","CD247,CD3E"
"GOTERM_BP_DIRECT","positive regulation of alpha-beta T cell differentiation","2","142","10","19512","7.00e-2","2.95e-1","27.48","1.00e+0","2.61e-1","2.28e-3","ZAP70,SYK"
"SMART","14_3_3","2","107","7","10704","6.73e-2","3.70e-1","28.58","9.98e-1","3.37e-1","2.01e-3","YWHAE,YWHAQ"
"UP_SEQ_FEATURE","CROSSLNK:Glycyl lysine isopeptide (Lys-Gly) (interchain with G-Cter in ISG15)","2","141","10","20669","6.57e-2","1.00e+0","29.32","1.00e+0","9.88e-1","2.01e-3","IFIH1,IRF3"
"UP_SEQ_FEATURE","DOMAIN:SH2 2","2","141","10","20669","6.57e-2","1.00e+0","29.32","1.00e+0","9.88e-1","2.01e-3","ZAP70,SYK"
"UP_SEQ_FEATURE","DOMAIN:IRF tryptophan pentad repeat","2","141","10","20669","6.57e-2","1.00e+0","29.32","1.00e+0","9.88e-1","2.01e-3","IRF3,IRF7"
"UP_SEQ_FEATURE","SITE:Cleavage; by CASP3","2","141","10","20669","6.57e-2","1.00e+0","29.32","1.00e+0","9.88e-1","2.01e-3","MAVS,IRF3"
"UP_SEQ_FEATURE","DOMAIN:SH2 1","2","141","10","20669","6.57e-2","1.00e+0","29.32","1.00e+0","9.88e-1","2.01e-3","ZAP70,SYK"
"INTERPRO","Interferon_reg_fact_DNA-bd_dom","2","142","10","20827","6.57e-2","3.01e-1","29.33","1.00e+0","2.82e-1","2.00e-3","IRF3,IRF7"
"INTERPRO","Interferon_reg_fac_CS","2","142","10","20827","6.57e-2","3.01e-1","29.33","1.00e+0","2.82e-1","2.00e-3","IRF3,IRF7"
"GOTERM_MF_DIRECT","CD4 receptor binding","2","142","9","19272","6.40e-2","2.94e-1","30.16","1.00e+0","2.56e-1","1.88e-3","LCK,FYN"
"GOTERM_BP_DIRECT","negative regulation of cyclin-dependent protein serine/threonine kinase activity","2","142","9","19512","6.32e-2","2.79e-1","30.54","1.00e+0","2.47e-1","1.83e-3","LATS1,LATS2"
"GOTERM_BP_DIRECT","positive regulation of pyroptotic inflammatory response","2","142","9","19512","6.32e-2","2.79e-1","30.54","1.00e+0","2.47e-1","1.83e-3","CASP8,NLRP1"
"GOTERM_BP_DIRECT","pore complex assembly","2","142","9","19512","6.32e-2","2.79e-1","30.54","1.00e+0","2.47e-1","1.83e-3","GSDMD,AFDN"
"GOTERM_BP_DIRECT","regulation of immunoglobulin production","2","142","9","19512","6.32e-2","2.79e-1","30.54","1.00e+0","2.47e-1","1.83e-3","CD40,CD40LG"
"GOTERM_BP_DIRECT","vesicle tethering involved in exocytosis","2","142","9","19512","6.32e-2","2.79e-1","30.54","1.00e+0","2.47e-1","1.83e-3","EXOC7,EXOC2"
"GOTERM_BP_DIRECT","positive regulation of gamma-delta T cell differentiation","2","142","9","19512","6.32e-2","2.79e-1","30.54","1.00e+0","2.47e-1","1.83e-3","SYK,LCK"
"GOTERM_BP_DIRECT","TRAIL-activated apoptotic signaling pathway","2","142","9","19512","6.32e-2","2.79e-1","30.54","1.00e+0","2.47e-1","1.83e-3","CASP8,FADD"
"GOTERM_BP_DIRECT","necroptotic signaling pathway","2","142","9","19512","6.32e-2","2.79e-1","30.54","1.00e+0","2.47e-1","1.83e-3","FADD,TLR3"
"GOTERM_BP_DIRECT","positive regulation of mitochondrial membrane potential","2","142","9","19512","6.32e-2","2.79e-1","30.54","1.00e+0","2.47e-1","1.83e-3","MFN1,BID"
"GOTERM_BP_DIRECT","protein localization to endoplasmic reticulum","2","142","9","19512","6.32e-2","2.79e-1","30.54","1.00e+0","2.47e-1","1.83e-3","YWHAE,STING1"
"GOTERM_CC_DIRECT","flotillin complex","2","142","9","20808","5.94e-2","2.50e-1","32.56","1.00e+0","2.08e-1","1.61e-3","CDH1,CTNNA1"
"UP_SEQ_FEATURE","DOMAIN:SARAH","2","141","9","20669","5.93e-2","9.61e-1","32.58","1.00e+0","9.50e-1","1.61e-3","STK3,SAV1"
"UP_SEQ_FEATURE","DNA_BIND:IRF tryptophan pentad repeat","2","141","9","20669","5.93e-2","9.61e-1","32.58","1.00e+0","9.50e-1","1.61e-3","IRF3,IRF7"
"INTERPRO","SARAH_dom","2","142","9","20827","5.93e-2","2.83e-1","32.59","1.00e+0","2.65e-1","1.61e-3","STK3,SAV1"
"INTERPRO","Tyrosine-phos_adapter","2","142","9","20827","5.93e-2","2.83e-1","32.59","1.00e+0","2.65e-1","1.61e-3","ZAP70,SYK"
"KEGG_PATHWAY","Virion - Adenovirus","2","142","4","9496","5.81e-2","1.36e-1","33.44","1.00e+0","8.10e-2","1.31e-3","CD86,CD80"
"GOTERM_MF_DIRECT","ubiquitin ligase complex scaffold activity","2","142","8","19272","5.71e-2","2.74e-1","33.93","1.00e+0","2.38e-1","1.47e-3","CUL1,SKP1"
"GOTERM_BP_DIRECT","positive regulation of T-helper 1 cell cytokine production","2","142","8","19512","5.64e-2","2.64e-1","34.35","1.00e+0","2.33e-1","1.43e-3","IL1R1,IL1B"
"GOTERM_BP_DIRECT","negative regulation of RIG-I signaling pathway","2","142","8","19512","5.64e-2","2.64e-1","34.35","1.00e+0","2.33e-1","1.43e-3","RNF125,DHX58"
"GOTERM_BP_DIRECT","cellular response to interleukin-17","2","142","8","19512","5.64e-2","2.64e-1","34.35","1.00e+0","2.33e-1","1.43e-3","TRAF3IP2,IL1B"
"GOTERM_BP_DIRECT","regulation of T cell receptor signaling pathway","2","142","8","19512","5.64e-2","2.64e-1","34.35","1.00e+0","2.33e-1","1.43e-3","LCK,BCL10"
"GOTERM_BP_DIRECT","gamma-delta T cell differentiation","2","142","8","19512","5.64e-2","2.64e-1","34.35","1.00e+0","2.33e-1","1.43e-3","SYK,LCK"
"GOTERM_BP_DIRECT","cellular response to peptidoglycan","2","142","8","19512","5.64e-2","2.64e-1","34.35","1.00e+0","2.33e-1","1.43e-3","NLRP3,NOD2"
"GOTERM_BP_DIRECT","apical junction assembly","2","142","8","19512","5.64e-2","2.64e-1","34.35","1.00e+0","2.33e-1","1.43e-3","CTNNA1,PKN2"
"GOTERM_BP_DIRECT","positive regulation of xenophagy","2","142","8","19512","5.64e-2","2.64e-1","34.35","1.00e+0","2.33e-1","1.43e-3","TBK1,NOD1"
"GOTERM_BP_DIRECT","positive regulation of chemokine (C-C motif) ligand 5 production","2","142","8","19512","5.64e-2","2.64e-1","34.35","1.00e+0","2.33e-1","1.43e-3","MAVS,DDX3X"
"UP_SEQ_FEATURE","DOMAIN:Cadherin 11","2","141","8","20669","5.29e-2","8.91e-1","36.65","1.00e+0","8.80e-1","1.26e-3","DCHS1,FAT4"
"UP_SEQ_FEATURE","DOMAIN:Cadherin 10","2","141","8","20669","5.29e-2","8.91e-1","36.65","1.00e+0","8.80e-1","1.26e-3","DCHS1,FAT4"
"INTERPRO","Bcl2_BH3_motif_CS","2","142","8","20827","5.29e-2","2.60e-1","36.67","1.00e+0","2.44e-1","1.26e-3","BID,BCL2L1"
"INTERPRO","Interferon_reg_factor-3","2","142","8","20827","5.29e-2","2.60e-1","36.67","1.00e+0","2.44e-1","1.26e-3","IRF3,IRF7"
"INTERPRO","MOB_kinase_act_fam","2","142","8","20827","5.29e-2","2.60e-1","36.67","1.00e+0","2.44e-1","1.26e-3","MOB1B,MOB1A"
"INTERPRO","Helicase/UvrB_N","2","142","8","20827","5.29e-2","2.60e-1","36.67","1.00e+0","2.44e-1","1.26e-3","IFIH1,DHX58"
"INTERPRO","MOB_kinase_act_sf","2","142","8","20827","5.29e-2","2.60e-1","36.67","1.00e+0","2.44e-1","1.26e-3","MOB1B,MOB1A"
"GOTERM_MF_DIRECT","interleukin-1 receptor activity","2","142","7","19272","5.01e-2","2.55e-1","38.78","1.00e+0","2.22e-1","1.11e-3","IL1R1,IL1RAP"
"GOTERM_BP_DIRECT","negative regulation of D-glucose transmembrane transport","2","142","7","19512","4.95e-2","2.43e-1","39.26","1.00e+0","2.14e-1","1.08e-3","IL1B,CTNND1"
"GOTERM_BP_DIRECT","positive regulation of T-helper 2 cell differentiation","2","142","7","19512","4.95e-2","2.43e-1","39.26","1.00e+0","2.14e-1","1.08e-3","CD86,NLRP3"
"GOTERM_BP_DIRECT","positive regulation of response to cytokine stimulus","2","142","7","19512","4.95e-2","2.43e-1","39.26","1.00e+0","2.14e-1","1.08e-3","IFIH1,MAVS"
"GOTERM_BP_DIRECT","macropinocytosis","2","142","7","19512","4.95e-2","2.43e-1","39.26","1.00e+0","2.14e-1","1.08e-3","PYCARD,MAPKAPK2"
"GOTERM_BP_DIRECT","positive regulation of dendritic cell antigen processing and presentation","2","142","7","19512","4.95e-2","2.43e-1","39.26","1.00e+0","2.14e-1","1.08e-3","NOD1,NOD2"
"GOTERM_BP_DIRECT","positive regulation of mitotic cytokinetic process","2","142","7","19512","4.95e-2","2.43e-1","39.26","1.00e+0","2.14e-1","1.08e-3","EXOC7,ARF6"
"GOTERM_BP_DIRECT","signaling receptor ligand precursor processing","2","142","7","19512","4.95e-2","2.43e-1","39.26","1.00e+0","2.14e-1","1.08e-3","CASP1,CARD16"
"GOTERM_BP_DIRECT","negative regulation of macrophage apoptotic process","2","142","7","19512","4.95e-2","2.43e-1","39.26","1.00e+0","2.14e-1","1.08e-3","IRF7,NOD2"
"GOTERM_BP_DIRECT","regulation of platelet activation","2","142","7","19512","4.95e-2","2.43e-1","39.26","1.00e+0","2.14e-1","1.08e-3","FCER1G,SYK"
"GOTERM_BP_DIRECT","response to cobalt ion","2","142","7","19512","4.95e-2","2.43e-1","39.26","1.00e+0","2.14e-1","1.08e-3","CASP9,CASP8"
"GOTERM_BP_DIRECT","interleukin-3-mediated signaling pathway","2","142","7","19512","4.95e-2","2.43e-1","39.26","1.00e+0","2.14e-1","1.08e-3","FCER1G,SYK"
"GOTERM_BP_DIRECT","cellular response to diacyl bacterial lipopeptide","2","142","7","19512","4.95e-2","2.43e-1","39.26","1.00e+0","2.14e-1","1.08e-3","CD14,ARF6"
"GOTERM_BP_DIRECT","regulation of intrinsic apoptotic signaling pathway","2","142","7","19512","4.95e-2","2.43e-1","39.26","1.00e+0","2.14e-1","1.08e-3","PYCARD,CYLD"
"GOTERM_BP_DIRECT","xenophagy","2","142","7","19512","4.95e-2","2.43e-1","39.26","1.00e+0","2.14e-1","1.08e-3","ATG16L1,NOD1"
"GOTERM_CC_DIRECT","gamma-delta T cell receptor complex","2","142","7","20808","4.65e-2","2.11e-1","41.87","1.00e+0","1.75e-1","9.50e-4","CD247,CD3E"
"UP_SEQ_FEATURE","DOMAIN:Cadherin 27","2","141","7","20669","4.65e-2","8.23e-1","41.88","1.00e+0","8.12e-1","9.49e-4","DCHS1,FAT4"
"UP_SEQ_FEATURE","SITE:Contributes to redox potential value","2","141","7","20669","4.65e-2","8.23e-1","41.88","1.00e+0","8.12e-1","9.49e-4","TXN,TXN2"
"UP_SEQ_FEATURE","DOMAIN:Cadherin 17","2","141","7","20669","4.65e-2","8.23e-1","41.88","1.00e+0","8.12e-1","9.49e-4","DCHS1,FAT4"
"UP_SEQ_FEATURE","DOMAIN:Cadherin 15","2","141","7","20669","4.65e-2","8.23e-1","41.88","1.00e+0","8.12e-1","9.49e-4","DCHS1,FAT4"
"UP_SEQ_FEATURE","DOMAIN:Cadherin 13","2","141","7","20669","4.65e-2","8.23e-1","41.88","1.00e+0","8.12e-1","9.49e-4","DCHS1,FAT4"
"UP_SEQ_FEATURE","DOMAIN:Cadherin 21","2","141","7","20669","4.65e-2","8.23e-1","41.88","1.00e+0","8.12e-1","9.49e-4","DCHS1,FAT4"
"UP_SEQ_FEATURE","DOMAIN:Cadherin 26","2","141","7","20669","4.65e-2","8.23e-1","41.88","1.00e+0","8.12e-1","9.49e-4","DCHS1,FAT4"
"UP_SEQ_FEATURE","DOMAIN:Cadherin 19","2","141","7","20669","4.65e-2","8.23e-1","41.88","1.00e+0","8.12e-1","9.49e-4","DCHS1,FAT4"
"UP_SEQ_FEATURE","DOMAIN:Cadherin 24","2","141","7","20669","4.65e-2","8.23e-1","41.88","1.00e+0","8.12e-1","9.49e-4","DCHS1,FAT4"
"UP_SEQ_FEATURE","DOMAIN:Cadherin 20","2","141","7","20669","4.65e-2","8.23e-1","41.88","1.00e+0","8.12e-1","9.49e-4","DCHS1,FAT4"
"UP_SEQ_FEATURE","DOMAIN:Cadherin 22","2","141","7","20669","4.65e-2","8.23e-1","41.88","1.00e+0","8.12e-1","9.49e-4","DCHS1,FAT4"
"UP_SEQ_FEATURE","DOMAIN:Cadherin 16","2","141","7","20669","4.65e-2","8.23e-1","41.88","1.00e+0","8.12e-1","9.49e-4","DCHS1,FAT4"
"UP_SEQ_FEATURE","DOMAIN:Cadherin 25","2","141","7","20669","4.65e-2","8.23e-1","41.88","1.00e+0","8.12e-1","9.49e-4","DCHS1,FAT4"
"UP_SEQ_FEATURE","SITE:Interaction with phosphoserine on interacting protein","2","141","7","20669","4.65e-2","8.23e-1","41.88","1.00e+0","8.12e-1","9.49e-4","YWHAE,YWHAQ"
"UP_SEQ_FEATURE","DOMAIN:Cadherin 14","2","141","7","20669","4.65e-2","8.23e-1","41.88","1.00e+0","8.12e-1","9.49e-4","DCHS1,FAT4"
"UP_SEQ_FEATURE","DOMAIN:Cadherin 18","2","141","7","20669","4.65e-2","8.23e-1","41.88","1.00e+0","8.12e-1","9.49e-4","DCHS1,FAT4"
"UP_SEQ_FEATURE","DOMAIN:Cadherin 12","2","141","7","20669","4.65e-2","8.23e-1","41.88","1.00e+0","8.12e-1","9.49e-4","DCHS1,FAT4"
"UP_SEQ_FEATURE","DOMAIN:Cadherin 23","2","141","7","20669","4.65e-2","8.23e-1","41.88","1.00e+0","8.12e-1","9.49e-4","DCHS1,FAT4"
"INTERPRO","14-3-3_dom_sf","2","142","7","20827","4.64e-2","2.43e-1","41.91","1.00e+0","2.28e-1","9.48e-4","YWHAE,YWHAQ"
"INTERPRO","14-3-3_CS","2","142","7","20827","4.64e-2","2.43e-1","41.91","1.00e+0","2.28e-1","9.48e-4","YWHAE,YWHAQ"
"INTERPRO","C-type_Lectin_Receptor_IMM","2","142","7","20827","4.64e-2","2.43e-1","41.91","1.00e+0","2.28e-1","9.48e-4","CLEC4D,CLEC4E"
"INTERPRO","14-3-3_domain","2","142","7","20827","4.64e-2","2.43e-1","41.91","1.00e+0","2.28e-1","9.48e-4","YWHAE,YWHAQ"
"INTERPRO","14-3-3","2","142","7","20827","4.64e-2","2.43e-1","41.91","1.00e+0","2.28e-1","9.48e-4","YWHAE,YWHAQ"
"INTERPRO","Toll-like_receptor","2","142","7","20827","4.64e-2","2.43e-1","41.91","1.00e+0","2.28e-1","9.48e-4","TLR4,TLR3"
"GOTERM_MF_DIRECT","phosphoserine residue binding","2","142","6","19272","4.31e-2","2.26e-1","45.24","1.00e+0","1.97e-1","7.93e-4","YWHAE,PIN1"
"GOTERM_MF_DIRECT","calcium-dependent protein serine/threonine kinase activity","2","142","6","19272","4.31e-2","2.26e-1","45.24","1.00e+0","1.97e-1","7.93e-4","MAPKAPK2,MAPKAPK5"
"GOTERM_BP_DIRECT","positive regulation of cell-cell adhesion mediated by integrin","2","142","6","19512","4.26e-2","2.24e-1","45.80","1.00e+0","1.98e-1","7.74e-4","CD3E,SKAP1"
"GOTERM_BP_DIRECT","nucleotide-binding domain, leucine rich repeat containing receptor signaling pathway","2","142","6","19512","4.26e-2","2.24e-1","45.80","1.00e+0","1.98e-1","7.74e-4","CYLD,ITCH"
"GOTERM_BP_DIRECT","response to anesthetic","2","142","6","19512","4.26e-2","2.24e-1","45.80","1.00e+0","1.98e-1","7.74e-4","CASP9,CASP8"
"GOTERM_BP_DIRECT","positive regulation of alpha-beta T cell proliferation","2","142","6","19512","4.26e-2","2.24e-1","45.80","1.00e+0","1.98e-1","7.74e-4","ZAP70,SYK"
"GOTERM_BP_DIRECT","B cell mediated immunity","2","142","6","19512","4.26e-2","2.24e-1","45.80","1.00e+0","1.98e-1","7.74e-4","CD40,TRAF3IP2"
"GOTERM_BP_DIRECT","cytokine precursor processing","2","142","6","19512","4.26e-2","2.24e-1","45.80","1.00e+0","1.98e-1","7.74e-4","CASP1,CARD16"
"GOTERM_BP_DIRECT","positive regulation of myeloid dendritic cell cytokine production","2","142","6","19512","4.26e-2","2.24e-1","45.80","1.00e+0","1.98e-1","7.74e-4","MAVS,TICAM1"
"GOTERM_BP_DIRECT","positive regulation of type 2 immune response","2","142","6","19512","4.26e-2","2.24e-1","45.80","1.00e+0","1.98e-1","7.74e-4","NLRP3,NOD2"
"GOTERM_BP_DIRECT","nucleotide-binding oligomerization domain containing 1 signaling pathway","2","142","6","19512","4.26e-2","2.24e-1","45.80","1.00e+0","1.98e-1","7.74e-4","NOD1,TLR4"
"UP_SEQ_FEATURE","MUTAGEN:D->N: Loss of kinase activity.","2","141","6","20669","4.00e-2","8.23e-1","48.86","1.00e+0","8.12e-1","6.81e-4","TBK1,STK3"
"UP_SEQ_FEATURE","DOMAIN:Interferon regulatory factor-3","2","141","6","20669","4.00e-2","8.23e-1","48.86","1.00e+0","8.12e-1","6.81e-4","IRF3,IRF7"
"UP_SEQ_FEATURE","DOMAIN:14-3-3","2","141","6","20669","4.00e-2","8.23e-1","48.86","1.00e+0","8.12e-1","6.81e-4","YWHAE,YWHAQ"
"UP_SEQ_FEATURE","MUTAGEN:K->R: No effect on ubiquitination.","2","141","6","20669","4.00e-2","8.23e-1","48.86","1.00e+0","8.12e-1","6.81e-4","ZAP70,IKBKE"
"INTERPRO","IL-1_rcpt_I/II-typ","2","142","6","20827","3.99e-2","2.35e-1","48.89","1.00e+0","2.20e-1","6.80e-4","IL1R1,IL1RAP"
"INTERPRO","IL-1RAcP-like_ig","2","142","6","20827","3.99e-2","2.35e-1","48.89","1.00e+0","2.20e-1","6.80e-4","IL1R1,IL1RAP"
"GOTERM_BP_DIRECT","positive regulation of platelet-derived growth factor receptor signaling pathway","2","142","5","19512","3.56e-2","2.01e-1","54.96","1.00e+0","1.77e-1","5.18e-4","IL1R1,IL1B"
"GOTERM_BP_DIRECT","regulation of entry of bacterium into host cell","2","142","5","19512","3.56e-2","2.01e-1","54.96","1.00e+0","1.77e-1","5.18e-4","EXOC7,EXOC2"
"GOTERM_BP_DIRECT","detection of lipopolysaccharide","2","142","5","19512","3.56e-2","2.01e-1","54.96","1.00e+0","1.77e-1","5.18e-4","LY96,TLR4"
"GOTERM_BP_DIRECT","positive regulation of dendritic cell cytokine production","2","142","5","19512","3.56e-2","2.01e-1","54.96","1.00e+0","1.77e-1","5.18e-4","CLEC7A,NOD2"
"GOTERM_BP_DIRECT","thymic T cell selection","2","142","5","19512","3.56e-2","2.01e-1","54.96","1.00e+0","1.77e-1","5.18e-4","ZAP70,CARD11"
"GOTERM_BP_DIRECT","positive regulation of leukocyte cell-cell adhesion","2","142","5","19512","3.56e-2","2.01e-1","54.96","1.00e+0","1.77e-1","5.18e-4","LCK,SKAP1"
"GOTERM_BP_DIRECT","cellular response to indole-3-methanol","2","142","5","19512","3.56e-2","2.01e-1","54.96","1.00e+0","1.77e-1","5.18e-4","CDH1,CTNNA1"
"GOTERM_CC_DIRECT","CBM complex","2","142","5","20808","3.34e-2","1.64e-1","58.61","1.00e+0","1.36e-1","4.56e-4","BCL10,CARD11"
"INTERPRO","RLR_Helicase","2","142","5","20827","3.34e-2","2.10e-1","58.67","1.00e+0","1.96e-1","4.55e-4","IFIH1,DHX58"
"INTERPRO","T-cell_Activation_Regulation","2","142","5","20827","3.34e-2","2.10e-1","58.67","1.00e+0","1.96e-1","4.55e-4","CD86,CD80"
"INTERPRO","CALCOCO1/2_Zn_UBZ1","2","142","5","20827","3.34e-2","2.10e-1","58.67","1.00e+0","1.96e-1","4.55e-4","TBKBP1,TANK"
"GOTERM_MF_DIRECT","CD8 receptor binding","2","142","4","19272","2.89e-2","1.74e-1","67.86","1.00e+0","1.52e-1","3.20e-4","LCK,FYN"
"GOTERM_BP_DIRECT","detection of virus","2","142","4","19512","2.86e-2","1.70e-1","68.70","1.00e+0","1.51e-1","3.13e-4","IFIH1,TLR3"
"GOTERM_BP_DIRECT","negative regulation of MDA-5 signaling pathway","2","142","4","19512","2.86e-2","1.70e-1","68.70","1.00e+0","1.51e-1","3.13e-4","TKFC,DHX58"
"GOTERM_BP_DIRECT","smooth muscle adaptation","2","142","4","19512","2.86e-2","1.70e-1","68.70","1.00e+0","1.51e-1","3.13e-4","IL1R1,IL1B"
"GOTERM_BP_DIRECT","cellular response to molecule of fungal origin","2","142","4","19512","2.86e-2","1.70e-1","68.70","1.00e+0","1.51e-1","3.13e-4","SYK,CLEC7A"
"GOTERM_BP_DIRECT","condensed mesenchymal cell proliferation","2","142","4","19512","2.86e-2","1.70e-1","68.70","1.00e+0","1.51e-1","3.13e-4","DCHS1,FAT4"
"UP_SEQ_FEATURE","DOMAIN:HIN-200","2","141","4","20669","2.68e-2","6.87e-1","73.29","1.00e+0","6.79e-1","2.75e-4","AIM2,IFI16"
"UP_SEQ_FEATURE","DOMAIN:NACHT LRR and PYD","2","141","4","20669","2.68e-2","6.87e-1","73.29","1.00e+0","6.79e-1","2.75e-4","NLRP3,NOD2"
"UP_SEQ_FEATURE","SITE:Cleavage; by CASP6","2","141","4","20669","2.68e-2","6.87e-1","73.29","1.00e+0","6.79e-1","2.75e-4","CASP8,BID"
"UP_SEQ_FEATURE","MUTAGEN:R->A: Abolished ADP-riboxanation by C.violaceum CopC.","2","141","4","20669","2.68e-2","6.87e-1","73.29","1.00e+0","6.79e-1","2.75e-4","CASP9,CASP8"
"UP_SEQ_FEATURE","DOMAIN:RLR CTR","2","141","4","20669","2.68e-2","6.87e-1","73.29","1.00e+0","6.79e-1","2.75e-4","IFIH1,DHX58"
"UP_SEQ_FEATURE","ZN_FING:UBZ1-type","2","141","4","20669","2.68e-2","6.87e-1","73.29","1.00e+0","6.79e-1","2.75e-4","TBKBP1,TANK"
"INTERPRO","RIG-I-like_C","2","142","4","20827","2.68e-2","1.80e-1","73.33","1.00e+0","1.69e-1","2.74e-4","IFIH1,DHX58"
"INTERPRO","RLR_C_sf","2","142","4","20827","2.68e-2","1.80e-1","73.33","1.00e+0","1.69e-1","2.74e-4","IFIH1,DHX58"
"INTERPRO","HIN200/IF120x","2","142","4","20827","2.68e-2","1.80e-1","73.33","1.00e+0","1.69e-1","2.74e-4","AIM2,IFI16"
"INTERPRO","CARD_dom","2","142","4","20827","2.68e-2","1.80e-1","73.33","1.00e+0","1.69e-1","2.74e-4","IFIH1,MAVS"
"INTERPRO","NLR","2","142","4","20827","2.68e-2","1.80e-1","73.33","1.00e+0","1.69e-1","2.74e-4","NOD1,NOD2"
"INTERPRO","IKK","2","142","4","20827","2.68e-2","1.80e-1","73.33","1.00e+0","1.69e-1","2.74e-4","TBK1,IKBKE"
"INTERPRO","RLR_CTR","2","142","4","20827","2.68e-2","1.80e-1","73.33","1.00e+0","1.69e-1","2.74e-4","IFIH1,DHX58"
"INTERPRO","HIN-200","2","142","4","20827","2.68e-2","1.80e-1","73.33","1.00e+0","1.69e-1","2.74e-4","AIM2,IFI16"
"PIR_SUPERFAMILY","TyrPK_SYK","2","24","2","1941","2.36e-2","1.89e-1","80.87","3.17e-1","1.89e-1","1.47e-4","ZAP70,SYK"
"GOTERM_BP_DIRECT","beta selection","2","142","3","19512","2.15e-2","1.37e-1","91.61","1.00e+0","1.21e-1","1.57e-4","ZAP70,SYK"
"GOTERM_BP_DIRECT","B cell costimulation","2","142","3","19512","2.15e-2","1.37e-1","91.61","1.00e+0","1.21e-1","1.57e-4","TNFRSF13C,TNFSF13B"
"GOTERM_BP_DIRECT","regulation of protein autophosphorylation","2","142","3","19512","2.15e-2","1.37e-1","91.61","1.00e+0","1.21e-1","1.57e-4","MOB1B,MOB1A"
"GOTERM_BP_DIRECT","regulation of dendritic cell cytokine production","2","142","3","19512","2.15e-2","1.37e-1","91.61","1.00e+0","1.21e-1","1.57e-4","TLR4,TLR3"
"GOTERM_BP_DIRECT","inner cell mass cell fate commitment","2","142","3","19512","2.15e-2","1.37e-1","91.61","1.00e+0","1.21e-1","1.57e-4","LATS1,LATS2"
"GOTERM_BP_DIRECT","positive regulation of lymphotoxin A production","2","142","3","19512","2.15e-2","1.37e-1","91.61","1.00e+0","1.21e-1","1.57e-4","CD86,BCL10"
"GOTERM_BP_DIRECT","serotonin secretion by platelet","2","142","3","19512","2.15e-2","1.37e-1","91.61","1.00e+0","1.21e-1","1.57e-4","FCER1G,SYK"
"GOTERM_BP_DIRECT","inner cell mass cellular morphogenesis","2","142","3","19512","2.15e-2","1.37e-1","91.61","1.00e+0","1.21e-1","1.57e-4","LATS1,LATS2"
"GOTERM_CC_DIRECT","Fc-epsilon receptor I complex","2","142","3","20808","2.02e-2","1.08e-1","97.69","9.93e-1","8.97e-2","1.38e-4","FCER1G,MS4A2"
"GOTERM_CC_DIRECT","Fc-gamma receptor III complex","2","142","3","20808","2.02e-2","1.08e-1","97.69","9.93e-1","8.97e-2","1.38e-4","FCER1G,CD247"
"UP_SEQ_FEATURE","DOMAIN:CARD 2","2","141","3","20669","2.02e-2","6.08e-1","97.73","1.00e+0","6.01e-1","1.38e-4","IFIH1,NOD2"
"UP_SEQ_FEATURE","DOMAIN:CARD 1","2","141","3","20669","2.02e-2","6.08e-1","97.73","1.00e+0","6.01e-1","1.38e-4","IFIH1,NOD2"
"UP_SEQ_FEATURE","DOMAIN:F-box-like","2","141","3","20669","2.02e-2","6.08e-1","97.73","1.00e+0","6.01e-1","1.38e-4","TBL1XR1,TBL1X"
"INTERPRO","MAPKAPK_C","2","142","3","20827","2.02e-2","1.60e-1","97.78","1.00e+0","1.50e-1","1.38e-4","MAPKAPK2,MAPKAPK5"
"INTERPRO","Ebi-like","2","142","3","20827","2.02e-2","1.60e-1","97.78","1.00e+0","1.50e-1","1.38e-4","TBL1XR1,TBL1X"
"GOTERM_BP_DIRECT","pyroptosome complex assembly","2","142","2","19512","1.44e-2","1.03e-1","137.41","1.00e+0","9.07e-2","5.26e-5","AIM2,MEFV"
"GOTERM_BP_DIRECT","detection of fungus","2","142","2","19512","1.44e-2","1.03e-1","137.41","1.00e+0","9.07e-2","5.26e-5","CLEC7A,TLR4"
"GOTERM_BP_DIRECT","canonical inflammasome complex assembly","2","142","2","19512","1.44e-2","1.03e-1","137.41","1.00e+0","9.07e-2","5.26e-5","PYCARD,NLRP1"
"GOTERM_CC_DIRECT","protease inhibitor complex","2","142","2","20808","1.35e-2","7.91e-2","146.54","9.62e-1","6.59e-2","4.62e-5","CASP1,CARD16"
"UP_SEQ_FEATURE","MUTAGEN:C->S: Loss of geranylgeranylation and membrane localization.","2","141","2","20669","1.35e-2","4.46e-1","146.59","1.00e+0","4.40e-1","4.62e-5","RALA,RALB"
"UP_SEQ_FEATURE","MUTAGEN:W->A: Mediates autoprocessing but is unable to interact with Gasdermin-D (GSDMD) and mediate its cleavage.","2","141","2","20669","1.35e-2","4.46e-1","146.59","1.00e+0","4.40e-1","4.62e-5","CASP1,CARD16"
"UP_SEQ_FEATURE","DOMAIN:FIIND","2","141","2","20669","1.35e-2","4.46e-1","146.59","1.00e+0","4.40e-1","4.62e-5","CARD8,NLRP1"
"UP_SEQ_FEATURE","DOMAIN:Tbk1/Ikki binding","2","141","2","20669","1.35e-2","4.46e-1","146.59","1.00e+0","4.40e-1","4.62e-5","AZI2,TANK"
"UP_SEQ_FEATURE","REGION:Interaction with TRAF2","2","141","2","20669","1.35e-2","4.46e-1","146.59","1.00e+0","4.40e-1","4.62e-5","CYLD,MAVS"
"UP_SEQ_FEATURE","REGION:UPA","2","141","2","20669","1.35e-2","4.46e-1","146.59","1.00e+0","4.40e-1","4.62e-5","CARD8,NLRP1"
"UP_SEQ_FEATURE","MUTAGEN:DD->NN: In IDL(uncl); abolished cleavage in the interdomain region; when associated with N-297.","2","141","2","20669","1.35e-2","4.46e-1","146.59","1.00e+0","4.40e-1","4.62e-5","CASP1,CARD16"
"UP_SEQ_FEATURE","PROPEP:Interdomain linker","2","141","2","20669","1.35e-2","4.46e-1","146.59","1.00e+0","4.40e-1","4.62e-5","CASP1,CARD16"
"UP_SEQ_FEATURE","MUTAGEN:K->A: Abolishes cleavage of Gasdermin-D (GSDMD).","2","141","2","20669","1.35e-2","4.46e-1","146.59","1.00e+0","4.40e-1","4.62e-5","CASP1,CARD16"
"UP_SEQ_FEATURE","REGION:Interdomain A","2","141","2","20669","1.35e-2","4.46e-1","146.59","1.00e+0","4.40e-1","4.62e-5","ZAP70,SYK"
"UP_SEQ_FEATURE","SITE:(Microbial infection) Cleavage by CV3B","2","141","2","20669","1.35e-2","4.46e-1","146.59","1.00e+0","4.40e-1","4.62e-5","MAVS,TICAM1"
"UP_SEQ_FEATURE","MUTAGEN:D->N: In IDL(uncl); abolished cleavage in the interdomain region; when associated with 315-N-N-316.","2","141","2","20669","1.35e-2","4.46e-1","146.59","1.00e+0","4.40e-1","4.62e-5","CASP1,CARD16"
"UP_SEQ_FEATURE","MUTAGEN:IKK->AKA: Abolished ability to cleave IL18.","2","141","2","20669","1.35e-2","4.46e-1","146.59","1.00e+0","4.40e-1","4.62e-5","CASP1,CARD16"
"UP_SEQ_FEATURE","REGION:ZU5","2","141","2","20669","1.35e-2","4.46e-1","146.59","1.00e+0","4.40e-1","4.62e-5","CARD8,NLRP1"
"UP_SEQ_FEATURE","MUTAGEN:C->A,S: Loss of protease activity. Loss of SPHK2 cleavage and release in apoptotic cells.","2","141","2","20669","1.35e-2","4.46e-1","146.59","1.00e+0","4.40e-1","4.62e-5","CASP1,CARD16"
"UP_SEQ_FEATURE","SITE:Deprotonates C-terminal active site Cys","2","141","2","20669","1.35e-2","4.46e-1","146.59","1.00e+0","4.40e-1","4.62e-5","TXN,TXN2"
"UP_SEQ_FEATURE","REGION:Interdomain B","2","141","2","20669","1.35e-2","4.46e-1","146.59","1.00e+0","4.40e-1","4.62e-5","ZAP70,SYK"
"UP_SEQ_FEATURE","DOMAIN:SGS","2","141","2","20669","1.35e-2","4.46e-1","146.59","1.00e+0","4.40e-1","4.62e-5","CACYBP,SUGT1"
"UP_SEQ_FEATURE","REGION:Part of a helix bundle domain, formed by helices from N-terminal and C-terminal regions","2","141","2","20669","1.35e-2","4.46e-1","146.59","1.00e+0","4.40e-1","4.62e-5","MFN1,MFN2"
"UP_SEQ_FEATURE","MUTAGEN:I->N: Mediates autoprocessing but is unable to interact with Gasdermin-D (GSDMD) and mediate its cleavage.","2","141","2","20669","1.35e-2","4.46e-1","146.59","1.00e+0","4.40e-1","4.62e-5","CASP1,CARD16"
"INTERPRO","CARD8/ASC/NALP1_CARD","2","142","2","20827","1.35e-2","1.21e-1","146.67","9.98e-1","1.14e-1","4.62e-5","PYCARD,NLRP1"
"INTERPRO","Mitofusin_fam","2","142","2","20827","1.35e-2","1.21e-1","146.67","9.98e-1","1.14e-1","4.62e-5","MFN1,MFN2"
"INTERPRO","TBK1_CC1","2","142","2","20827","1.35e-2","1.21e-1","146.67","9.98e-1","1.14e-1","4.62e-5","TBK1,IKBKE"
"INTERPRO","Tyr_kinase_non-rcpt_SYK/ZAP70","2","142","2","20827","1.35e-2","1.21e-1","146.67","9.98e-1","1.14e-1","4.62e-5","ZAP70,SYK"
"INTERPRO","Fzo/mitofusin_HR2","2","142","2","20827","1.35e-2","1.21e-1","146.67","9.98e-1","1.14e-1","4.62e-5","MFN1,MFN2"
"INTERPRO","TBK1_CCD1","2","142","2","20827","1.35e-2","1.21e-1","146.67","9.98e-1","1.14e-1","4.62e-5","TBK1,IKBKE"
"INTERPRO","TBK1-IKBKE_adapters","2","142","2","20827","1.35e-2","1.21e-1","146.67","9.98e-1","1.14e-1","4.62e-5","TBKBP1,AZI2"
"INTERPRO","SYK/ZAP-70_N_SH2","2","142","2","20827","1.35e-2","1.21e-1","146.67","9.98e-1","1.14e-1","4.62e-5","ZAP70,SYK"
"INTERPRO","FIIND_dom","2","142","2","20827","1.35e-2","1.21e-1","146.67","9.98e-1","1.14e-1","4.62e-5","CARD8,NLRP1"
"INTERPRO","NLRC4_HD","2","142","2","20827","1.35e-2","1.21e-1","146.67","9.98e-1","1.14e-1","4.62e-5","NLRC4,NAIP"
"INTERPRO","CD3_zeta/IgE_Fc_rcpt_gamma","2","142","2","20827","1.35e-2","1.21e-1","146.67","9.98e-1","1.14e-1","4.62e-5","FCER1G,CD247"
"INTERPRO","Nlrc4-like_WHD","2","142","2","20827","1.35e-2","1.21e-1","146.67","9.98e-1","1.14e-1","4.62e-5","NLRC4,NAIP"
"INTERPRO","Kinase_SYK/ZAP-70_inter-SH2_sf","2","142","2","20827","1.35e-2","1.21e-1","146.67","9.98e-1","1.14e-1","4.62e-5","ZAP70,SYK"
"INTERPRO","Thioredoxin","2","142","2","20827","1.35e-2","1.21e-1","146.67","9.98e-1","1.14e-1","4.62e-5","TXN,TXN2"
"INTERPRO","TBK1_ULD","2","142","2","20827","1.35e-2","1.21e-1","146.67","9.98e-1","1.14e-1","4.62e-5","TBK1,IKBKE"
"INTERPRO","SGS_dom","2","142","2","20827","1.35e-2","1.21e-1","146.67","9.98e-1","1.14e-1","4.62e-5","CACYBP,SUGT1"

